Date,0
2024-01-02 14:00:00+00:00,0.0
2024-01-02 15:00:00+00:00,0.0
2024-01-02 16:00:00+00:00,0.0
2024-01-02 17:00:00+00:00,0.0
2024-01-02 18:00:00+00:00,0.0
2024-01-02 19:00:00+00:00,0.0
2024-01-02 20:00:00+00:00,0.0
2024-01-03 14:00:00+00:00,0.0
2024-01-03 15:00:00+00:00,0.0
2024-01-03 16:00:00+00:00,0.0
2024-01-03 17:00:00+00:00,0.0
2024-01-03 18:00:00+00:00,0.0
2024-01-03 19:00:00+00:00,0.0
2024-01-03 20:00:00+00:00,0.0
2024-01-04 14:00:00+00:00,0.0
2024-01-04 15:00:00+00:00,0.0
2024-01-04 16:00:00+00:00,0.0
2024-01-04 17:00:00+00:00,0.0
2024-01-04 18:00:00+00:00,0.0
2024-01-04 19:00:00+00:00,0.0
2024-01-04 20:00:00+00:00,0.0
2024-01-05 14:00:00+00:00,0.0
2024-01-05 15:00:00+00:00,0.0
2024-01-05 16:00:00+00:00,0.0
2024-01-05 17:00:00+00:00,0.0
2024-01-05 18:00:00+00:00,0.0
2024-01-05 19:00:00+00:00,0.0
2024-01-05 20:00:00+00:00,0.0
2024-01-08 14:00:00+00:00,0.0
2024-01-08 15:00:00+00:00,0.0
2024-01-08 16:00:00+00:00,0.0
2024-01-08 17:00:00+00:00,0.0
2024-01-08 18:00:00+00:00,0.0
2024-01-08 19:00:00+00:00,0.0
2024-01-08 20:00:00+00:00,0.0
2024-01-09 14:00:00+00:00,0.0
2024-01-09 15:00:00+00:00,0.0
2024-01-09 16:00:00+00:00,0.0
2024-01-09 17:00:00+00:00,0.0
2024-01-09 18:00:00+00:00,0.0
2024-01-09 19:00:00+00:00,0.0
2024-01-09 20:00:00+00:00,0.0
2024-01-10 14:00:00+00:00,0.0
2024-01-10 15:00:00+00:00,0.0
2024-01-10 16:00:00+00:00,0.0
2024-01-10 17:00:00+00:00,0.0
2024-01-10 18:00:00+00:00,0.0
2024-01-10 19:00:00+00:00,0.0
2024-01-10 20:00:00+00:00,0.0
2024-01-11 14:00:00+00:00,0.0
2024-01-11 15:00:00+00:00,0.0
2024-01-11 16:00:00+00:00,0.0
2024-01-11 17:00:00+00:00,0.0
2024-01-11 18:00:00+00:00,0.0
2024-01-11 19:00:00+00:00,0.0
2024-01-11 20:00:00+00:00,0.0
2024-01-12 14:00:00+00:00,0.0
2024-01-12 15:00:00+00:00,0.0
2024-01-12 16:00:00+00:00,0.0
2024-01-12 17:00:00+00:00,0.0
2024-01-12 18:00:00+00:00,0.0
2024-01-12 19:00:00+00:00,0.0
2024-01-12 20:00:00+00:00,0.0
2024-01-16 14:00:00+00:00,0.0
2024-01-16 15:00:00+00:00,0.0
2024-01-16 16:00:00+00:00,0.0
2024-01-16 17:00:00+00:00,0.0
2024-01-16 18:00:00+00:00,0.0
2024-01-16 19:00:00+00:00,0.0
2024-01-16 20:00:00+00:00,0.0
2024-01-17 14:00:00+00:00,0.0
2024-01-17 15:00:00+00:00,0.0
2024-01-17 16:00:00+00:00,0.0
2024-01-17 17:00:00+00:00,0.0
2024-01-17 18:00:00+00:00,0.0
2024-01-17 19:00:00+00:00,0.0
2024-01-17 20:00:00+00:00,0.0
2024-01-18 14:00:00+00:00,0.0
2024-01-18 15:00:00+00:00,0.0
2024-01-18 16:00:00+00:00,0.0
2024-01-18 17:00:00+00:00,0.0
2024-01-18 18:00:00+00:00,0.0
2024-01-18 19:00:00+00:00,0.0
2024-01-18 20:00:00+00:00,0.0
2024-01-19 14:00:00+00:00,0.0
2024-01-19 15:00:00+00:00,0.0
2024-01-19 16:00:00+00:00,0.0
2024-01-19 17:00:00+00:00,0.0
2024-01-19 18:00:00+00:00,0.0
2024-01-19 19:00:00+00:00,0.0
2024-01-19 20:00:00+00:00,0.0
2024-01-22 14:00:00+00:00,0.0
2024-01-22 15:00:00+00:00,0.0
2024-01-22 16:00:00+00:00,0.0
2024-01-22 17:00:00+00:00,0.0
2024-01-22 18:00:00+00:00,0.0
2024-01-22 19:00:00+00:00,0.0
2024-01-22 20:00:00+00:00,0.0
2024-01-23 14:00:00+00:00,0.0
2024-01-23 15:00:00+00:00,0.0
2024-01-23 16:00:00+00:00,0.0
2024-01-23 17:00:00+00:00,0.0
2024-01-23 18:00:00+00:00,0.0
2024-01-23 19:00:00+00:00,0.0
2024-01-23 20:00:00+00:00,0.0
2024-01-24 14:00:00+00:00,0.0
2024-01-24 15:00:00+00:00,0.0
2024-01-24 16:00:00+00:00,0.0
2024-01-24 17:00:00+00:00,0.0
2024-01-24 18:00:00+00:00,0.0
2024-01-24 19:00:00+00:00,0.0
2024-01-24 20:00:00+00:00,0.0
2024-01-25 14:00:00+00:00,0.0
2024-01-25 15:00:00+00:00,0.0
2024-01-25 16:00:00+00:00,0.0
2024-01-25 17:00:00+00:00,0.0
2024-01-25 18:00:00+00:00,0.0
2024-01-25 19:00:00+00:00,0.0
2024-01-25 20:00:00+00:00,0.0
2024-01-26 14:00:00+00:00,0.0
2024-01-26 15:00:00+00:00,0.0
2024-01-26 16:00:00+00:00,0.0
2024-01-26 17:00:00+00:00,0.0
2024-01-26 18:00:00+00:00,0.0
2024-01-26 19:00:00+00:00,0.0
2024-01-26 20:00:00+00:00,0.0
2024-01-29 14:00:00+00:00,0.0
2024-01-29 15:00:00+00:00,0.0
2024-01-29 16:00:00+00:00,0.0
2024-01-29 17:00:00+00:00,0.0
2024-01-29 18:00:00+00:00,0.0
2024-01-29 19:00:00+00:00,0.0
2024-01-29 20:00:00+00:00,0.0
2024-01-30 14:00:00+00:00,0.0
2024-01-30 15:00:00+00:00,0.0
2024-01-30 16:00:00+00:00,0.0
2024-01-30 17:00:00+00:00,0.0
2024-01-30 18:00:00+00:00,0.0
2024-01-30 19:00:00+00:00,0.0
2024-01-30 20:00:00+00:00,0.0
2024-01-31 14:00:00+00:00,0.0
2024-01-31 15:00:00+00:00,0.0
2024-01-31 16:00:00+00:00,0.0
2024-01-31 17:00:00+00:00,0.0
2024-01-31 18:00:00+00:00,0.0
2024-01-31 19:00:00+00:00,0.0
2024-01-31 20:00:00+00:00,0.0
2024-02-01 14:00:00+00:00,0.0
2024-02-01 15:00:00+00:00,0.0
2024-02-01 16:00:00+00:00,0.0
2024-02-01 17:00:00+00:00,0.0
2024-02-01 18:00:00+00:00,0.0
2024-02-01 19:00:00+00:00,0.0
2024-02-01 20:00:00+00:00,0.0
2024-02-02 14:00:00+00:00,0.0
2024-02-02 15:00:00+00:00,0.0
2024-02-02 16:00:00+00:00,0.0
2024-02-02 17:00:00+00:00,0.0
2024-02-02 18:00:00+00:00,0.0
2024-02-02 19:00:00+00:00,0.0
2024-02-02 20:00:00+00:00,0.0
2024-02-05 14:00:00+00:00,0.0
2024-02-05 15:00:00+00:00,0.0
2024-02-05 16:00:00+00:00,0.0
2024-02-05 17:00:00+00:00,0.0
2024-02-05 18:00:00+00:00,0.0
2024-02-05 19:00:00+00:00,0.0
2024-02-05 20:00:00+00:00,0.0
2024-02-06 14:00:00+00:00,0.0
2024-02-06 15:00:00+00:00,0.0
2024-02-06 16:00:00+00:00,0.0
2024-02-06 17:00:00+00:00,0.0
2024-02-06 18:00:00+00:00,0.0
2024-02-06 19:00:00+00:00,0.0
2024-02-06 20:00:00+00:00,0.0
2024-02-07 14:00:00+00:00,0.0
2024-02-07 15:00:00+00:00,0.0
2024-02-07 16:00:00+00:00,0.0
2024-02-07 17:00:00+00:00,0.0
2024-02-07 18:00:00+00:00,0.0
2024-02-07 19:00:00+00:00,0.0
2024-02-07 20:00:00+00:00,0.0
2024-02-08 14:00:00+00:00,0.0
2024-02-08 15:00:00+00:00,0.0
2024-02-08 16:00:00+00:00,0.0
2024-02-08 17:00:00+00:00,0.0
2024-02-08 18:00:00+00:00,0.0
2024-02-08 19:00:00+00:00,0.0
2024-02-08 20:00:00+00:00,0.0
2024-02-09 14:00:00+00:00,0.0
2024-02-09 15:00:00+00:00,0.0
2024-02-09 16:00:00+00:00,0.0
2024-02-09 17:00:00+00:00,0.0
2024-02-09 18:00:00+00:00,0.0
2024-02-09 19:00:00+00:00,0.0
2024-02-09 20:00:00+00:00,0.0
2024-02-12 14:00:00+00:00,0.0
2024-02-12 15:00:00+00:00,0.0
2024-02-12 16:00:00+00:00,0.0
2024-02-12 17:00:00+00:00,0.0
2024-02-12 18:00:00+00:00,0.0
2024-02-12 19:00:00+00:00,0.0
2024-02-12 20:00:00+00:00,0.0
2024-02-13 14:00:00+00:00,0.0
2024-02-13 15:00:00+00:00,0.0
2024-02-13 16:00:00+00:00,0.0
2024-02-13 17:00:00+00:00,0.0
2024-02-13 18:00:00+00:00,0.0
2024-02-13 19:00:00+00:00,0.0
2024-02-13 20:00:00+00:00,0.0
2024-02-14 14:00:00+00:00,0.0
2024-02-14 15:00:00+00:00,0.0
2024-02-14 16:00:00+00:00,0.0
2024-02-14 17:00:00+00:00,0.0
2024-02-14 18:00:00+00:00,0.0
2024-02-14 19:00:00+00:00,0.0
2024-02-14 20:00:00+00:00,0.0
2024-02-15 14:00:00+00:00,0.0
2024-02-15 15:00:00+00:00,0.0
2024-02-15 16:00:00+00:00,0.0
2024-02-15 17:00:00+00:00,0.0
2024-02-15 18:00:00+00:00,0.0
2024-02-15 19:00:00+00:00,0.0
2024-02-15 20:00:00+00:00,0.0
2024-02-16 14:00:00+00:00,0.0
2024-02-16 15:00:00+00:00,0.0
2024-02-16 16:00:00+00:00,0.0
2024-02-16 17:00:00+00:00,0.0
2024-02-16 18:00:00+00:00,0.0
2024-02-16 19:00:00+00:00,0.0
2024-02-16 20:00:00+00:00,0.0
2024-02-20 14:00:00+00:00,0.0
2024-02-20 15:00:00+00:00,0.0
2024-02-20 16:00:00+00:00,0.0
2024-02-20 17:00:00+00:00,0.0
2024-02-20 18:00:00+00:00,0.0
2024-02-20 19:00:00+00:00,0.0
2024-02-20 20:00:00+00:00,0.0
2024-02-21 14:00:00+00:00,0.0
2024-02-21 15:00:00+00:00,0.0
2024-02-21 16:00:00+00:00,0.0
2024-02-21 17:00:00+00:00,0.0
2024-02-21 18:00:00+00:00,0.0
2024-02-21 19:00:00+00:00,0.0
2024-02-21 20:00:00+00:00,0.0
2024-02-22 14:00:00+00:00,0.0
2024-02-22 15:00:00+00:00,0.0
2024-02-22 16:00:00+00:00,0.0
2024-02-22 17:00:00+00:00,0.0
2024-02-22 18:00:00+00:00,0.0
2024-02-22 19:00:00+00:00,0.0
2024-02-22 20:00:00+00:00,0.0
2024-02-23 14:00:00+00:00,0.0
2024-02-23 15:00:00+00:00,0.0
2024-02-23 16:00:00+00:00,0.0
2024-02-23 17:00:00+00:00,0.0
2024-02-23 18:00:00+00:00,0.0
2024-02-23 19:00:00+00:00,0.0
2024-02-23 20:00:00+00:00,0.0
2024-02-26 14:00:00+00:00,0.0
2024-02-26 15:00:00+00:00,0.0
2024-02-26 16:00:00+00:00,0.0
2024-02-26 17:00:00+00:00,0.0
2024-02-26 18:00:00+00:00,0.0
2024-02-26 19:00:00+00:00,0.0
2024-02-26 20:00:00+00:00,0.0
2024-02-27 14:00:00+00:00,0.0
2024-02-27 15:00:00+00:00,0.0
2024-02-27 16:00:00+00:00,0.0
2024-02-27 17:00:00+00:00,0.0
2024-02-27 18:00:00+00:00,0.0
2024-02-27 19:00:00+00:00,0.0
2024-02-27 20:00:00+00:00,0.0
2024-02-28 14:00:00+00:00,0.0
2024-02-28 15:00:00+00:00,0.0
2024-02-28 16:00:00+00:00,0.0
2024-02-28 17:00:00+00:00,0.0
2024-02-28 18:00:00+00:00,0.0
2024-02-28 19:00:00+00:00,0.0
2024-02-28 20:00:00+00:00,0.0
2024-02-29 14:00:00+00:00,0.0
2024-02-29 15:00:00+00:00,0.0
2024-02-29 16:00:00+00:00,0.0
2024-02-29 17:00:00+00:00,0.0
2024-02-29 18:00:00+00:00,0.0
2024-02-29 19:00:00+00:00,0.0
2024-02-29 20:00:00+00:00,0.0
2024-03-01 14:00:00+00:00,0.0
2024-03-01 15:00:00+00:00,0.0
2024-03-01 16:00:00+00:00,0.0
2024-03-01 17:00:00+00:00,0.0
2024-03-01 18:00:00+00:00,0.0
2024-03-01 19:00:00+00:00,0.0
2024-03-01 20:00:00+00:00,0.0
2024-03-04 14:00:00+00:00,0.0
2024-03-04 15:00:00+00:00,0.0
2024-03-04 16:00:00+00:00,0.0
2024-03-04 17:00:00+00:00,0.0
2024-03-04 18:00:00+00:00,0.0
2024-03-04 19:00:00+00:00,0.0
2024-03-04 20:00:00+00:00,0.0
2024-03-05 14:00:00+00:00,0.0
2024-03-05 15:00:00+00:00,0.0
2024-03-05 16:00:00+00:00,0.0
2024-03-05 17:00:00+00:00,0.0
2024-03-05 18:00:00+00:00,0.0
2024-03-05 19:00:00+00:00,0.0
2024-03-05 20:00:00+00:00,0.0
2024-03-06 14:00:00+00:00,0.0
2024-03-06 15:00:00+00:00,0.0
2024-03-06 16:00:00+00:00,0.0
2024-03-06 17:00:00+00:00,0.0
2024-03-06 18:00:00+00:00,0.0
2024-03-06 19:00:00+00:00,0.0
2024-03-06 20:00:00+00:00,0.0
2024-03-07 14:00:00+00:00,0.0
2024-03-07 15:00:00+00:00,0.0
2024-03-07 16:00:00+00:00,0.0
2024-03-07 17:00:00+00:00,0.0
2024-03-07 18:00:00+00:00,0.0
2024-03-07 19:00:00+00:00,0.0
2024-03-07 20:00:00+00:00,0.0
2024-03-08 14:00:00+00:00,0.0
2024-03-08 15:00:00+00:00,0.0
2024-03-08 16:00:00+00:00,0.0
2024-03-08 17:00:00+00:00,0.0
2024-03-08 18:00:00+00:00,0.0
2024-03-08 19:00:00+00:00,0.0
2024-03-08 20:00:00+00:00,0.0
2024-03-11 13:00:00+00:00,0.0
2024-03-11 14:00:00+00:00,0.0
2024-03-11 15:00:00+00:00,0.0
2024-03-11 16:00:00+00:00,0.0
2024-03-11 17:00:00+00:00,0.0
2024-03-11 18:00:00+00:00,0.0
2024-03-11 19:00:00+00:00,0.0
2024-03-12 13:00:00+00:00,0.0
2024-03-12 14:00:00+00:00,0.0
2024-03-12 15:00:00+00:00,0.0
2024-03-12 16:00:00+00:00,0.0
2024-03-12 17:00:00+00:00,0.0
2024-03-12 18:00:00+00:00,0.0
2024-03-12 19:00:00+00:00,0.0
2024-03-13 13:00:00+00:00,0.0
2024-03-13 14:00:00+00:00,0.0
2024-03-13 15:00:00+00:00,0.0
2024-03-13 16:00:00+00:00,0.0
2024-03-13 17:00:00+00:00,0.0
2024-03-13 18:00:00+00:00,0.0
2024-03-13 19:00:00+00:00,0.0
2024-03-14 13:00:00+00:00,0.0
2024-03-14 14:00:00+00:00,0.0
2024-03-14 15:00:00+00:00,0.0
2024-03-14 16:00:00+00:00,0.0
2024-03-14 17:00:00+00:00,0.0
2024-03-14 18:00:00+00:00,0.0
2024-03-14 19:00:00+00:00,0.0
2024-03-15 13:00:00+00:00,0.0
2024-03-15 14:00:00+00:00,0.0
2024-03-15 15:00:00+00:00,0.0
2024-03-15 16:00:00+00:00,0.0
2024-03-15 17:00:00+00:00,0.0
2024-03-15 18:00:00+00:00,0.0
2024-03-15 19:00:00+00:00,0.0
2024-03-18 13:00:00+00:00,0.0
2024-03-18 14:00:00+00:00,0.0
2024-03-18 15:00:00+00:00,0.0
2024-03-18 16:00:00+00:00,0.0
2024-03-18 17:00:00+00:00,0.0
2024-03-18 18:00:00+00:00,0.0
2024-03-18 19:00:00+00:00,0.0
2024-03-19 13:00:00+00:00,0.0
2024-03-19 14:00:00+00:00,0.0
2024-03-19 15:00:00+00:00,0.0
2024-03-19 16:00:00+00:00,0.0
2024-03-19 17:00:00+00:00,0.0
2024-03-19 18:00:00+00:00,0.0
2024-03-19 19:00:00+00:00,0.0
2024-03-20 13:00:00+00:00,0.0
2024-03-20 14:00:00+00:00,0.0
2024-03-20 15:00:00+00:00,0.0
2024-03-20 16:00:00+00:00,0.0
2024-03-20 17:00:00+00:00,0.0
2024-03-20 18:00:00+00:00,0.0
2024-03-20 19:00:00+00:00,0.0
2024-03-21 13:00:00+00:00,0.0
2024-03-21 14:00:00+00:00,0.0
2024-03-21 15:00:00+00:00,0.0
2024-03-21 16:00:00+00:00,0.0
2024-03-21 17:00:00+00:00,0.0
2024-03-21 18:00:00+00:00,0.0
2024-03-21 19:00:00+00:00,0.0
2024-03-22 13:00:00+00:00,0.0
2024-03-22 14:00:00+00:00,0.0
2024-03-22 15:00:00+00:00,0.0
2024-03-22 16:00:00+00:00,0.0
2024-03-22 17:00:00+00:00,0.0
2024-03-22 18:00:00+00:00,0.0
2024-03-22 19:00:00+00:00,0.0
2024-03-25 13:00:00+00:00,0.0
2024-03-25 14:00:00+00:00,0.0
2024-03-25 15:00:00+00:00,0.0
2024-03-25 16:00:00+00:00,0.0
2024-03-25 17:00:00+00:00,0.0
2024-03-25 18:00:00+00:00,0.0
2024-03-25 19:00:00+00:00,0.0
2024-03-26 13:00:00+00:00,0.0
2024-03-26 14:00:00+00:00,0.0
2024-03-26 15:00:00+00:00,0.0
2024-03-26 16:00:00+00:00,0.0
2024-03-26 17:00:00+00:00,0.0
2024-03-26 18:00:00+00:00,0.0
2024-03-26 19:00:00+00:00,0.0
2024-03-27 13:00:00+00:00,0.0
2024-03-27 14:00:00+00:00,0.0
2024-03-27 15:00:00+00:00,0.0
2024-03-27 16:00:00+00:00,0.0
2024-03-27 17:00:00+00:00,0.0
2024-03-27 18:00:00+00:00,0.0
2024-03-27 19:00:00+00:00,0.0
2024-03-28 13:00:00+00:00,0.0
2024-03-28 14:00:00+00:00,0.0
2024-03-28 15:00:00+00:00,0.0
2024-03-28 16:00:00+00:00,0.0
2024-03-28 17:00:00+00:00,0.0
2024-03-28 18:00:00+00:00,0.0
2024-03-28 19:00:00+00:00,0.0
2024-04-01 13:00:00+00:00,0.0
2024-04-01 14:00:00+00:00,0.0
2024-04-01 15:00:00+00:00,0.0
2024-04-01 16:00:00+00:00,0.0
2024-04-01 17:00:00+00:00,0.0
2024-04-01 18:00:00+00:00,0.0
2024-04-01 19:00:00+00:00,0.0
2024-04-02 13:00:00+00:00,0.0
2024-04-02 14:00:00+00:00,0.0
2024-04-02 15:00:00+00:00,0.0
2024-04-02 16:00:00+00:00,0.0
2024-04-02 17:00:00+00:00,0.0
2024-04-02 18:00:00+00:00,0.0
2024-04-02 19:00:00+00:00,0.0
2024-04-03 13:00:00+00:00,0.0
2024-04-03 14:00:00+00:00,0.0
2024-04-03 15:00:00+00:00,0.0
2024-04-03 16:00:00+00:00,0.0
2024-04-03 17:00:00+00:00,0.0
2024-04-03 18:00:00+00:00,0.0
2024-04-03 19:00:00+00:00,0.0
2024-04-04 13:00:00+00:00,0.0
2024-04-04 14:00:00+00:00,0.0
2024-04-04 15:00:00+00:00,0.0
2024-04-04 16:00:00+00:00,0.0
2024-04-04 17:00:00+00:00,0.0
2024-04-04 18:00:00+00:00,0.0
2024-04-04 19:00:00+00:00,0.0
2024-04-05 13:00:00+00:00,0.0
2024-04-05 14:00:00+00:00,0.0
2024-04-05 15:00:00+00:00,0.0
2024-04-05 16:00:00+00:00,0.0
2024-04-05 17:00:00+00:00,0.0
2024-04-05 18:00:00+00:00,0.0
2024-04-05 19:00:00+00:00,0.0
2024-04-08 13:00:00+00:00,0.0
2024-04-08 14:00:00+00:00,0.0
2024-04-08 15:00:00+00:00,0.0
2024-04-08 16:00:00+00:00,0.0
2024-04-08 17:00:00+00:00,0.0
2024-04-08 18:00:00+00:00,0.0
2024-04-08 19:00:00+00:00,0.0
2024-04-09 13:00:00+00:00,0.0
2024-04-09 14:00:00+00:00,0.0
2024-04-09 15:00:00+00:00,0.0
2024-04-09 16:00:00+00:00,0.0
2024-04-09 17:00:00+00:00,0.0
2024-04-09 18:00:00+00:00,0.0
2024-04-09 19:00:00+00:00,0.0
2024-04-10 13:00:00+00:00,0.0
2024-04-10 14:00:00+00:00,0.0
2024-04-10 15:00:00+00:00,0.0
2024-04-10 16:00:00+00:00,0.0
2024-04-10 17:00:00+00:00,0.0
2024-04-10 18:00:00+00:00,0.0
2024-04-10 19:00:00+00:00,0.0
2024-04-11 13:00:00+00:00,0.0
2024-04-11 14:00:00+00:00,0.0
2024-04-11 15:00:00+00:00,0.0
2024-04-11 16:00:00+00:00,0.0
2024-04-11 17:00:00+00:00,0.0
2024-04-11 18:00:00+00:00,0.0
2024-04-11 19:00:00+00:00,0.0
2024-04-12 13:00:00+00:00,0.0
2024-04-12 14:00:00+00:00,0.0
2024-04-12 15:00:00+00:00,0.0
2024-04-12 16:00:00+00:00,0.0
2024-04-12 17:00:00+00:00,0.0
2024-04-12 18:00:00+00:00,0.0
2024-04-12 19:00:00+00:00,0.0
2024-04-15 13:00:00+00:00,0.0
2024-04-15 14:00:00+00:00,0.0
2024-04-15 15:00:00+00:00,0.0
2024-04-15 16:00:00+00:00,0.0
2024-04-15 17:00:00+00:00,0.0
2024-04-15 18:00:00+00:00,0.0
2024-04-15 19:00:00+00:00,0.0
2024-04-16 13:00:00+00:00,0.0
2024-04-16 14:00:00+00:00,0.0
2024-04-16 15:00:00+00:00,0.0
2024-04-16 16:00:00+00:00,0.0
2024-04-16 17:00:00+00:00,0.0
2024-04-16 18:00:00+00:00,0.0
2024-04-16 19:00:00+00:00,0.0
2024-04-17 13:00:00+00:00,0.0
2024-04-17 14:00:00+00:00,0.0
2024-04-17 15:00:00+00:00,0.0
2024-04-17 16:00:00+00:00,0.0
2024-04-17 17:00:00+00:00,0.0
2024-04-17 18:00:00+00:00,0.0
2024-04-17 19:00:00+00:00,0.0
2024-04-18 13:00:00+00:00,0.0
2024-04-18 14:00:00+00:00,0.0
2024-04-18 15:00:00+00:00,0.0
2024-04-18 16:00:00+00:00,0.0
2024-04-18 17:00:00+00:00,0.0
2024-04-18 18:00:00+00:00,0.0
2024-04-18 19:00:00+00:00,0.0
2024-04-19 13:00:00+00:00,0.0
2024-04-19 14:00:00+00:00,0.0
2024-04-19 15:00:00+00:00,0.0
2024-04-19 16:00:00+00:00,0.0
2024-04-19 17:00:00+00:00,0.0
2024-04-19 18:00:00+00:00,0.0
2024-04-19 19:00:00+00:00,0.0
2024-04-22 13:00:00+00:00,0.0
2024-04-22 14:00:00+00:00,0.0
2024-04-22 15:00:00+00:00,0.0
2024-04-22 16:00:00+00:00,0.0
2024-04-22 17:00:00+00:00,0.0
2024-04-22 18:00:00+00:00,0.0
2024-04-22 19:00:00+00:00,0.0
2024-04-23 13:00:00+00:00,0.0
2024-04-23 14:00:00+00:00,0.0
2024-04-23 15:00:00+00:00,0.0
2024-04-23 16:00:00+00:00,0.0
2024-04-23 17:00:00+00:00,0.0
2024-04-23 18:00:00+00:00,0.0
2024-04-23 19:00:00+00:00,0.0
2024-04-24 13:00:00+00:00,0.0
2024-04-24 14:00:00+00:00,0.0
2024-04-24 15:00:00+00:00,0.0
2024-04-24 16:00:00+00:00,0.0
2024-04-24 17:00:00+00:00,0.0
2024-04-24 18:00:00+00:00,0.0
2024-04-24 19:00:00+00:00,0.0
2024-04-25 13:00:00+00:00,0.0
2024-04-25 14:00:00+00:00,0.0
2024-04-25 15:00:00+00:00,0.0
2024-04-25 16:00:00+00:00,0.0
2024-04-25 17:00:00+00:00,0.0
2024-04-25 18:00:00+00:00,0.0
2024-04-25 19:00:00+00:00,0.0
2024-04-26 13:00:00+00:00,0.0
2024-04-26 14:00:00+00:00,0.0
2024-04-26 15:00:00+00:00,0.0
2024-04-26 16:00:00+00:00,0.0
2024-04-26 17:00:00+00:00,0.0
2024-04-26 18:00:00+00:00,0.0
2024-04-26 19:00:00+00:00,0.0
2024-04-29 13:00:00+00:00,0.0
2024-04-29 14:00:00+00:00,0.0
2024-04-29 15:00:00+00:00,0.0
2024-04-29 16:00:00+00:00,0.0
2024-04-29 17:00:00+00:00,0.0
2024-04-29 18:00:00+00:00,0.0
2024-04-29 19:00:00+00:00,0.0
2024-04-30 13:00:00+00:00,0.0
2024-04-30 14:00:00+00:00,0.0
2024-04-30 15:00:00+00:00,0.0
2024-04-30 16:00:00+00:00,0.0
2024-04-30 17:00:00+00:00,0.0
2024-04-30 18:00:00+00:00,0.0
2024-04-30 19:00:00+00:00,0.0
2024-05-01 13:00:00+00:00,0.0
2024-05-01 14:00:00+00:00,0.0
2024-05-01 15:00:00+00:00,0.0
2024-05-01 16:00:00+00:00,0.0
2024-05-01 17:00:00+00:00,0.0
2024-05-01 18:00:00+00:00,0.0
2024-05-01 19:00:00+00:00,0.0
2024-05-02 13:00:00+00:00,0.0
2024-05-02 14:00:00+00:00,0.0
2024-05-02 15:00:00+00:00,0.0
2024-05-02 16:00:00+00:00,0.0
2024-05-02 17:00:00+00:00,0.0
2024-05-02 18:00:00+00:00,0.0
2024-05-02 19:00:00+00:00,0.0
2024-05-03 13:00:00+00:00,0.0
2024-05-03 14:00:00+00:00,0.0
2024-05-03 15:00:00+00:00,0.0
2024-05-03 16:00:00+00:00,0.0
2024-05-03 17:00:00+00:00,0.0
2024-05-03 18:00:00+00:00,0.0
2024-05-03 19:00:00+00:00,0.0
2024-05-06 13:00:00+00:00,0.0
2024-05-06 14:00:00+00:00,0.0
2024-05-06 15:00:00+00:00,0.0
2024-05-06 16:00:00+00:00,0.0
2024-05-06 17:00:00+00:00,0.0
2024-05-06 18:00:00+00:00,0.0
2024-05-06 19:00:00+00:00,0.0
2024-05-07 13:00:00+00:00,0.0
2024-05-07 14:00:00+00:00,0.0
2024-05-07 15:00:00+00:00,0.0
2024-05-07 16:00:00+00:00,0.0
2024-05-07 17:00:00+00:00,0.0
2024-05-07 18:00:00+00:00,0.0
2024-05-07 19:00:00+00:00,0.0
2024-05-08 13:00:00+00:00,0.0
2024-05-08 14:00:00+00:00,0.0
2024-05-08 15:00:00+00:00,0.0
2024-05-08 16:00:00+00:00,0.0
2024-05-08 17:00:00+00:00,0.0
2024-05-08 18:00:00+00:00,0.0
2024-05-08 19:00:00+00:00,0.0
2024-05-09 13:00:00+00:00,0.0
2024-05-09 14:00:00+00:00,0.0
2024-05-09 15:00:00+00:00,0.0
2024-05-09 16:00:00+00:00,0.0
2024-05-09 17:00:00+00:00,0.0
2024-05-09 18:00:00+00:00,0.0
2024-05-09 19:00:00+00:00,0.0
2024-05-10 13:00:00+00:00,0.0
2024-05-10 14:00:00+00:00,0.0
2024-05-10 15:00:00+00:00,0.0
2024-05-10 16:00:00+00:00,0.0
2024-05-10 17:00:00+00:00,0.0
2024-05-10 18:00:00+00:00,0.0
2024-05-10 19:00:00+00:00,0.0
2024-05-13 13:00:00+00:00,0.0
2024-05-13 14:00:00+00:00,0.0
2024-05-13 15:00:00+00:00,0.0
2024-05-13 16:00:00+00:00,0.0
2024-05-13 17:00:00+00:00,0.0
2024-05-13 18:00:00+00:00,0.0
2024-05-13 19:00:00+00:00,0.0
2024-05-14 13:00:00+00:00,0.0
2024-05-14 14:00:00+00:00,0.0
2024-05-14 15:00:00+00:00,0.0
2024-05-14 16:00:00+00:00,0.0
2024-05-14 17:00:00+00:00,0.0
2024-05-14 18:00:00+00:00,0.0
2024-05-14 19:00:00+00:00,0.0
2024-05-15 13:00:00+00:00,0.0
2024-05-15 14:00:00+00:00,0.0
2024-05-15 15:00:00+00:00,0.0
2024-05-15 16:00:00+00:00,0.0
2024-05-15 17:00:00+00:00,0.0
2024-05-15 18:00:00+00:00,0.0
2024-05-15 19:00:00+00:00,0.0
2024-05-16 13:00:00+00:00,0.0
2024-05-16 14:00:00+00:00,0.0
2024-05-16 15:00:00+00:00,0.0
2024-05-16 16:00:00+00:00,0.0
2024-05-16 17:00:00+00:00,0.0
2024-05-16 18:00:00+00:00,0.0
2024-05-16 19:00:00+00:00,0.0
2024-05-17 13:00:00+00:00,0.0
2024-05-17 14:00:00+00:00,0.0
2024-05-17 15:00:00+00:00,0.0
2024-05-17 16:00:00+00:00,0.0
2024-05-17 17:00:00+00:00,0.0
2024-05-17 18:00:00+00:00,0.0
2024-05-17 19:00:00+00:00,0.0
2024-05-20 13:00:00+00:00,0.0
2024-05-20 14:00:00+00:00,0.0
2024-05-20 15:00:00+00:00,0.0
2024-05-20 16:00:00+00:00,0.0
2024-05-20 17:00:00+00:00,0.0
2024-05-20 18:00:00+00:00,0.0
2024-05-20 19:00:00+00:00,0.0
2024-05-21 13:00:00+00:00,0.0
2024-05-21 14:00:00+00:00,0.0
2024-05-21 15:00:00+00:00,0.0
2024-05-21 16:00:00+00:00,0.0
2024-05-21 17:00:00+00:00,0.0
2024-05-21 18:00:00+00:00,0.0
2024-05-21 19:00:00+00:00,0.0
2024-05-22 13:00:00+00:00,0.0
2024-05-22 14:00:00+00:00,0.0
2024-05-22 15:00:00+00:00,0.0
2024-05-22 16:00:00+00:00,0.0
2024-05-22 17:00:00+00:00,0.0
2024-05-22 18:00:00+00:00,0.0
2024-05-22 19:00:00+00:00,0.0
2024-05-23 13:00:00+00:00,0.0
2024-05-23 14:00:00+00:00,0.0
2024-05-23 15:00:00+00:00,0.0
2024-05-23 16:00:00+00:00,0.0
2024-05-23 17:00:00+00:00,0.0
2024-05-23 18:00:00+00:00,0.0
2024-05-23 19:00:00+00:00,0.0
2024-05-24 13:00:00+00:00,0.0
2024-05-24 14:00:00+00:00,0.0
2024-05-24 15:00:00+00:00,0.0
2024-05-24 16:00:00+00:00,0.0
2024-05-24 17:00:00+00:00,0.0
2024-05-24 18:00:00+00:00,0.0
2024-05-24 19:00:00+00:00,0.0
2024-05-28 13:00:00+00:00,0.0
2024-05-28 14:00:00+00:00,0.0
2024-05-28 15:00:00+00:00,0.0
2024-05-28 16:00:00+00:00,0.0
2024-05-28 17:00:00+00:00,0.0
2024-05-28 18:00:00+00:00,0.0
2024-05-28 19:00:00+00:00,0.0
2024-05-29 13:00:00+00:00,0.0
2024-05-29 14:00:00+00:00,0.0
2024-05-29 15:00:00+00:00,0.0
2024-05-29 16:00:00+00:00,0.0
2024-05-29 17:00:00+00:00,0.0
2024-05-29 18:00:00+00:00,0.0
2024-05-29 19:00:00+00:00,0.0
2024-05-30 13:00:00+00:00,0.0
2024-05-30 14:00:00+00:00,0.0
2024-05-30 15:00:00+00:00,0.0
2024-05-30 16:00:00+00:00,0.0
2024-05-30 17:00:00+00:00,0.0
2024-05-30 18:00:00+00:00,0.0
2024-05-30 19:00:00+00:00,0.0
2024-05-31 13:00:00+00:00,0.0
2024-05-31 14:00:00+00:00,0.0
2024-05-31 15:00:00+00:00,0.0
2024-05-31 16:00:00+00:00,0.0
2024-05-31 17:00:00+00:00,0.0
2024-05-31 18:00:00+00:00,0.0
2024-05-31 19:00:00+00:00,0.0
2024-06-03 13:00:00+00:00,0.0
2024-06-03 14:00:00+00:00,0.0
2024-06-03 15:00:00+00:00,0.0
2024-06-03 16:00:00+00:00,0.0
2024-06-03 17:00:00+00:00,0.0
2024-06-03 18:00:00+00:00,0.0
2024-06-03 19:00:00+00:00,0.0
2024-06-04 13:00:00+00:00,0.0
2024-06-04 14:00:00+00:00,0.0
2024-06-04 15:00:00+00:00,0.0
2024-06-04 16:00:00+00:00,0.0
2024-06-04 17:00:00+00:00,0.0
2024-06-04 18:00:00+00:00,0.0
2024-06-04 19:00:00+00:00,0.0
2024-06-05 13:00:00+00:00,0.0
2024-06-05 14:00:00+00:00,0.0
2024-06-05 15:00:00+00:00,0.0
2024-06-05 16:00:00+00:00,0.0
2024-06-05 17:00:00+00:00,0.0
2024-06-05 18:00:00+00:00,0.0
2024-06-05 19:00:00+00:00,0.0
2024-06-06 13:00:00+00:00,0.0
2024-06-06 14:00:00+00:00,0.0
2024-06-06 15:00:00+00:00,0.0
2024-06-06 16:00:00+00:00,0.0
2024-06-06 17:00:00+00:00,0.0
2024-06-06 18:00:00+00:00,0.0
2024-06-06 19:00:00+00:00,0.0
2024-06-07 13:00:00+00:00,0.0
2024-06-07 14:00:00+00:00,0.0
2024-06-07 15:00:00+00:00,0.0
2024-06-07 16:00:00+00:00,0.0
2024-06-07 17:00:00+00:00,0.0
2024-06-07 18:00:00+00:00,0.0
2024-06-07 19:00:00+00:00,0.0
2024-06-10 13:00:00+00:00,0.0
2024-06-10 14:00:00+00:00,0.0
2024-06-10 15:00:00+00:00,0.0
2024-06-10 16:00:00+00:00,0.0
2024-06-10 17:00:00+00:00,0.0
2024-06-10 18:00:00+00:00,0.0
2024-06-10 19:00:00+00:00,0.0
2024-06-11 13:00:00+00:00,0.0
2024-06-11 14:00:00+00:00,0.0
2024-06-11 15:00:00+00:00,0.0
2024-06-11 16:00:00+00:00,0.0
2024-06-11 17:00:00+00:00,0.0
2024-06-11 18:00:00+00:00,0.0
2024-06-11 19:00:00+00:00,0.0
2024-06-12 13:00:00+00:00,0.0
2024-06-12 14:00:00+00:00,0.0
2024-06-12 15:00:00+00:00,0.0
2024-06-12 16:00:00+00:00,0.0
2024-06-12 17:00:00+00:00,0.0
2024-06-12 18:00:00+00:00,0.0
2024-06-12 19:00:00+00:00,0.0
2024-06-13 13:00:00+00:00,0.0
2024-06-13 14:00:00+00:00,0.0
2024-06-13 15:00:00+00:00,0.0
2024-06-13 16:00:00+00:00,0.0
2024-06-13 17:00:00+00:00,0.0
2024-06-13 18:00:00+00:00,0.0
2024-06-13 19:00:00+00:00,0.0
2024-06-14 13:00:00+00:00,0.0
2024-06-14 14:00:00+00:00,0.0
2024-06-14 15:00:00+00:00,0.0
2024-06-14 16:00:00+00:00,0.0
2024-06-14 17:00:00+00:00,0.0
2024-06-14 18:00:00+00:00,0.0
2024-06-14 19:00:00+00:00,0.0
2024-06-17 13:00:00+00:00,0.0
2024-06-17 14:00:00+00:00,0.0
2024-06-17 15:00:00+00:00,0.0
2024-06-17 16:00:00+00:00,0.0
2024-06-17 17:00:00+00:00,0.0
2024-06-17 18:00:00+00:00,0.0
2024-06-17 19:00:00+00:00,0.0
2024-06-18 13:00:00+00:00,0.0
2024-06-18 14:00:00+00:00,0.0
2024-06-18 15:00:00+00:00,0.0
2024-06-18 16:00:00+00:00,0.0
2024-06-18 17:00:00+00:00,0.0
2024-06-18 18:00:00+00:00,0.0
2024-06-18 19:00:00+00:00,0.0
2024-06-20 13:00:00+00:00,0.0
2024-06-20 14:00:00+00:00,0.0
2024-06-20 15:00:00+00:00,0.0
2024-06-20 16:00:00+00:00,0.0
2024-06-20 17:00:00+00:00,0.0
2024-06-20 18:00:00+00:00,0.0
2024-06-20 19:00:00+00:00,0.0
2024-06-21 13:00:00+00:00,0.0
2024-06-21 14:00:00+00:00,0.0
2024-06-21 15:00:00+00:00,0.0
2024-06-21 16:00:00+00:00,0.0
2024-06-21 17:00:00+00:00,0.0
2024-06-21 18:00:00+00:00,0.0
2024-06-21 19:00:00+00:00,0.0
2024-06-24 13:00:00+00:00,0.0
2024-06-24 14:00:00+00:00,0.0
2024-06-24 15:00:00+00:00,0.0
2024-06-24 16:00:00+00:00,0.0
2024-06-24 17:00:00+00:00,0.0
2024-06-24 18:00:00+00:00,0.0
2024-06-24 19:00:00+00:00,0.0
2024-06-25 13:00:00+00:00,0.0
2024-06-25 14:00:00+00:00,0.0
2024-06-25 15:00:00+00:00,0.0
2024-06-25 16:00:00+00:00,0.0
2024-06-25 17:00:00+00:00,0.0
2024-06-25 18:00:00+00:00,0.0
2024-06-25 19:00:00+00:00,0.0
2024-06-26 13:00:00+00:00,0.0
2024-06-26 14:00:00+00:00,0.0
2024-06-26 15:00:00+00:00,0.0
2024-06-26 16:00:00+00:00,0.0
2024-06-26 17:00:00+00:00,0.0
2024-06-26 18:00:00+00:00,0.0
2024-06-26 19:00:00+00:00,0.0
2024-06-27 13:00:00+00:00,0.0
2024-06-27 14:00:00+00:00,0.0
2024-06-27 15:00:00+00:00,0.0
2024-06-27 16:00:00+00:00,0.0
2024-06-27 17:00:00+00:00,0.0
2024-06-27 18:00:00+00:00,0.0
2024-06-27 19:00:00+00:00,0.0
2024-06-28 13:00:00+00:00,0.0
2024-06-28 14:00:00+00:00,0.0
2024-06-28 15:00:00+00:00,0.0
2024-06-28 16:00:00+00:00,0.0
2024-06-28 17:00:00+00:00,0.0
2024-06-28 18:00:00+00:00,0.0
2024-06-28 19:00:00+00:00,0.0
2024-07-01 13:00:00+00:00,0.0
2024-07-01 14:00:00+00:00,0.0
2024-07-01 15:00:00+00:00,0.0
2024-07-01 16:00:00+00:00,0.0
2024-07-01 17:00:00+00:00,0.0
2024-07-01 18:00:00+00:00,0.0
2024-07-01 19:00:00+00:00,0.0
2024-07-02 13:00:00+00:00,0.0
2024-07-02 14:00:00+00:00,0.0
2024-07-02 15:00:00+00:00,0.0
2024-07-02 16:00:00+00:00,0.0
2024-07-02 17:00:00+00:00,0.0
2024-07-02 18:00:00+00:00,0.0
2024-07-02 19:00:00+00:00,0.0
2024-07-03 13:00:00+00:00,0.0
2024-07-03 14:00:00+00:00,0.0
2024-07-03 15:00:00+00:00,0.0
2024-07-05 13:00:00+00:00,0.0
2024-07-05 14:00:00+00:00,0.0
2024-07-05 15:00:00+00:00,0.0
2024-07-05 16:00:00+00:00,0.0
2024-07-05 17:00:00+00:00,0.0
2024-07-05 18:00:00+00:00,0.0
2024-07-05 19:00:00+00:00,0.0
2024-07-08 13:00:00+00:00,0.0
2024-07-08 14:00:00+00:00,0.0
2024-07-08 15:00:00+00:00,0.0
2024-07-08 16:00:00+00:00,0.0
2024-07-08 17:00:00+00:00,0.0
2024-07-08 18:00:00+00:00,0.0
2024-07-08 19:00:00+00:00,0.0
2024-07-09 13:00:00+00:00,0.0
2024-07-09 14:00:00+00:00,0.0
2024-07-09 15:00:00+00:00,0.0
2024-07-09 16:00:00+00:00,0.0
2024-07-09 17:00:00+00:00,0.0
2024-07-09 18:00:00+00:00,0.0
2024-07-09 19:00:00+00:00,0.0
2024-07-10 13:00:00+00:00,0.0
2024-07-10 14:00:00+00:00,0.0
2024-07-10 15:00:00+00:00,0.0
2024-07-10 16:00:00+00:00,0.0
2024-07-10 17:00:00+00:00,0.0
2024-07-10 18:00:00+00:00,0.0
2024-07-10 19:00:00+00:00,0.0
2024-07-11 13:00:00+00:00,0.0
2024-07-11 14:00:00+00:00,0.0
2024-07-11 15:00:00+00:00,0.0
2024-07-11 16:00:00+00:00,0.0
2024-07-11 17:00:00+00:00,0.0
2024-07-11 18:00:00+00:00,0.0
2024-07-11 19:00:00+00:00,0.0
2024-07-12 13:00:00+00:00,0.0
2024-07-12 14:00:00+00:00,0.0
2024-07-12 15:00:00+00:00,0.0
2024-07-12 16:00:00+00:00,0.0
2024-07-12 17:00:00+00:00,0.0
2024-07-12 18:00:00+00:00,0.0
2024-07-12 19:00:00+00:00,0.0
2024-07-15 13:00:00+00:00,0.0
2024-07-15 14:00:00+00:00,0.0
2024-07-15 15:00:00+00:00,0.0
2024-07-15 16:00:00+00:00,0.0
2024-07-15 17:00:00+00:00,0.0
2024-07-15 18:00:00+00:00,0.0
2024-07-15 19:00:00+00:00,0.0
2024-07-16 13:00:00+00:00,0.0
2024-07-16 14:00:00+00:00,0.0
2024-07-16 15:00:00+00:00,0.0
2024-07-16 16:00:00+00:00,0.0
2024-07-16 17:00:00+00:00,0.0
2024-07-16 18:00:00+00:00,0.0
2024-07-16 19:00:00+00:00,0.0
2024-07-17 13:00:00+00:00,0.0
2024-07-17 14:00:00+00:00,0.0
2024-07-17 15:00:00+00:00,0.0
2024-07-17 16:00:00+00:00,0.0
2024-07-17 17:00:00+00:00,0.0
2024-07-17 18:00:00+00:00,0.0
2024-07-17 19:00:00+00:00,0.0
2024-07-18 13:00:00+00:00,0.0
2024-07-18 14:00:00+00:00,0.0
2024-07-18 15:00:00+00:00,0.0
2024-07-18 16:00:00+00:00,0.0
2024-07-18 17:00:00+00:00,0.0
2024-07-18 18:00:00+00:00,0.0
2024-07-18 19:00:00+00:00,0.0
2024-07-19 13:00:00+00:00,0.0
2024-07-19 14:00:00+00:00,0.0
2024-07-19 15:00:00+00:00,0.0
2024-07-19 16:00:00+00:00,0.0
2024-07-19 17:00:00+00:00,0.0
2024-07-19 18:00:00+00:00,0.0
2024-07-19 19:00:00+00:00,0.0
2024-07-22 13:00:00+00:00,0.0
2024-07-22 14:00:00+00:00,0.0
2024-07-22 15:00:00+00:00,0.0
2024-07-22 16:00:00+00:00,0.0
2024-07-22 17:00:00+00:00,0.0
2024-07-22 18:00:00+00:00,0.0
2024-07-22 19:00:00+00:00,0.0
2024-07-23 13:00:00+00:00,0.0
2024-07-23 14:00:00+00:00,0.0
2024-07-23 15:00:00+00:00,0.0
2024-07-23 16:00:00+00:00,0.0
2024-07-23 17:00:00+00:00,0.0
2024-07-23 18:00:00+00:00,0.0
2024-07-23 19:00:00+00:00,0.0
2024-07-24 13:00:00+00:00,0.0
2024-07-24 14:00:00+00:00,0.0
2024-07-24 15:00:00+00:00,0.0
2024-07-24 16:00:00+00:00,0.0
2024-07-24 17:00:00+00:00,0.0
2024-07-24 18:00:00+00:00,0.0
2024-07-24 19:00:00+00:00,0.0
2024-07-25 13:00:00+00:00,0.0
2024-07-25 14:00:00+00:00,0.0
2024-07-25 15:00:00+00:00,0.0
2024-07-25 16:00:00+00:00,0.0
2024-07-25 17:00:00+00:00,0.0
2024-07-25 18:00:00+00:00,0.0
2024-07-25 19:00:00+00:00,0.0
2024-07-26 13:00:00+00:00,0.0
2024-07-26 14:00:00+00:00,0.0
2024-07-26 15:00:00+00:00,0.0
2024-07-26 16:00:00+00:00,0.0
2024-07-26 17:00:00+00:00,0.0
2024-07-26 18:00:00+00:00,0.0
2024-07-26 19:00:00+00:00,0.0
2024-07-29 13:00:00+00:00,0.0
2024-07-29 14:00:00+00:00,0.0
2024-07-29 15:00:00+00:00,0.0
2024-07-29 16:00:00+00:00,0.0
2024-07-29 17:00:00+00:00,0.0
2024-07-29 18:00:00+00:00,0.0
2024-07-29 19:00:00+00:00,0.0
2024-07-30 13:00:00+00:00,0.0
2024-07-30 14:00:00+00:00,0.0
2024-07-30 15:00:00+00:00,0.0
2024-07-30 16:00:00+00:00,0.0
2024-07-30 17:00:00+00:00,0.0
2024-07-30 18:00:00+00:00,0.0
2024-07-30 19:00:00+00:00,0.0
2024-07-31 13:00:00+00:00,0.0
2024-07-31 14:00:00+00:00,0.0
2024-07-31 15:00:00+00:00,0.0
2024-07-31 16:00:00+00:00,0.0
2024-07-31 17:00:00+00:00,0.0
2024-07-31 18:00:00+00:00,0.0
2024-07-31 19:00:00+00:00,0.0
2024-08-01 13:00:00+00:00,0.0
2024-08-01 14:00:00+00:00,0.0
2024-08-01 15:00:00+00:00,0.0
2024-08-01 16:00:00+00:00,0.0
2024-08-01 17:00:00+00:00,0.0
2024-08-01 18:00:00+00:00,0.0
2024-08-01 19:00:00+00:00,0.0
2024-08-02 13:00:00+00:00,0.0
2024-08-02 14:00:00+00:00,0.0
2024-08-02 15:00:00+00:00,0.0
2024-08-02 16:00:00+00:00,0.0
2024-08-02 17:00:00+00:00,0.0
2024-08-02 18:00:00+00:00,0.0
2024-08-02 19:00:00+00:00,0.0
2024-08-05 13:00:00+00:00,0.0
2024-08-05 14:00:00+00:00,0.0
2024-08-05 15:00:00+00:00,0.0
2024-08-05 16:00:00+00:00,0.0
2024-08-05 17:00:00+00:00,0.0
2024-08-05 18:00:00+00:00,0.0
2024-08-05 19:00:00+00:00,0.0
2024-08-06 13:00:00+00:00,0.0
2024-08-06 14:00:00+00:00,0.0
2024-08-06 15:00:00+00:00,0.0
2024-08-06 16:00:00+00:00,0.0
2024-08-06 17:00:00+00:00,0.0
2024-08-06 18:00:00+00:00,0.0
2024-08-06 19:00:00+00:00,0.0
2024-08-07 13:00:00+00:00,0.0
2024-08-07 14:00:00+00:00,0.0
2024-08-07 15:00:00+00:00,0.0
2024-08-07 16:00:00+00:00,0.0
2024-08-07 17:00:00+00:00,0.0
2024-08-07 18:00:00+00:00,0.0
2024-08-07 19:00:00+00:00,0.0
2024-08-08 13:00:00+00:00,0.0
2024-08-08 14:00:00+00:00,0.0
2024-08-08 15:00:00+00:00,0.0
2024-08-08 16:00:00+00:00,0.0
2024-08-08 17:00:00+00:00,0.0
2024-08-08 18:00:00+00:00,0.0
2024-08-08 19:00:00+00:00,0.0
2024-08-09 13:00:00+00:00,0.0
2024-08-09 14:00:00+00:00,0.0
2024-08-09 15:00:00+00:00,0.0
2024-08-09 16:00:00+00:00,0.0
2024-08-09 17:00:00+00:00,0.0
2024-08-09 18:00:00+00:00,0.0
2024-08-09 19:00:00+00:00,0.0
2024-08-12 13:00:00+00:00,0.0
2024-08-12 14:00:00+00:00,0.0
2024-08-12 15:00:00+00:00,0.0
2024-08-12 16:00:00+00:00,0.0
2024-08-12 17:00:00+00:00,0.0
2024-08-12 18:00:00+00:00,0.0
2024-08-12 19:00:00+00:00,0.0
2024-08-13 13:00:00+00:00,0.0
2024-08-13 14:00:00+00:00,0.0
2024-08-13 15:00:00+00:00,0.0
2024-08-13 16:00:00+00:00,0.0
2024-08-13 17:00:00+00:00,0.0
2024-08-13 18:00:00+00:00,0.0
2024-08-13 19:00:00+00:00,0.0
2024-08-14 13:00:00+00:00,0.0
2024-08-14 14:00:00+00:00,0.0
2024-08-14 15:00:00+00:00,0.0
2024-08-14 16:00:00+00:00,0.0
2024-08-14 17:00:00+00:00,0.0
2024-08-14 18:00:00+00:00,0.0
2024-08-14 19:00:00+00:00,0.0
2024-08-15 13:00:00+00:00,0.0
2024-08-15 14:00:00+00:00,0.0
2024-08-15 15:00:00+00:00,0.0
2024-08-15 16:00:00+00:00,0.0
2024-08-15 17:00:00+00:00,0.0
2024-08-15 18:00:00+00:00,0.0
2024-08-15 19:00:00+00:00,0.0
2024-08-16 13:00:00+00:00,0.0
2024-08-16 14:00:00+00:00,0.0
2024-08-16 15:00:00+00:00,0.0
2024-08-16 16:00:00+00:00,0.0
2024-08-16 17:00:00+00:00,0.0
2024-08-16 18:00:00+00:00,0.0
2024-08-16 19:00:00+00:00,0.0
2024-08-19 13:00:00+00:00,0.0
2024-08-19 14:00:00+00:00,0.0
2024-08-19 15:00:00+00:00,0.0
2024-08-19 16:00:00+00:00,0.0
2024-08-19 17:00:00+00:00,0.0
2024-08-19 18:00:00+00:00,0.0
2024-08-19 19:00:00+00:00,0.0
2024-08-20 13:00:00+00:00,0.0
2024-08-20 14:00:00+00:00,0.0
2024-08-20 15:00:00+00:00,0.0
2024-08-20 16:00:00+00:00,0.0
2024-08-20 17:00:00+00:00,0.0
2024-08-20 18:00:00+00:00,0.0
2024-08-20 19:00:00+00:00,0.0
2024-08-21 13:00:00+00:00,0.0
2024-08-21 14:00:00+00:00,0.0
2024-08-21 15:00:00+00:00,0.0
2024-08-21 16:00:00+00:00,0.0
2024-08-21 17:00:00+00:00,0.0
2024-08-21 18:00:00+00:00,0.0
2024-08-21 19:00:00+00:00,0.0
2024-08-22 13:00:00+00:00,0.0
2024-08-22 14:00:00+00:00,0.0
2024-08-22 15:00:00+00:00,0.0
2024-08-22 16:00:00+00:00,0.0
2024-08-22 17:00:00+00:00,0.0
2024-08-22 18:00:00+00:00,0.0
2024-08-22 19:00:00+00:00,0.0
2024-08-23 13:00:00+00:00,0.0
2024-08-23 14:00:00+00:00,0.0
2024-08-23 15:00:00+00:00,0.0
2024-08-23 16:00:00+00:00,0.0
2024-08-23 17:00:00+00:00,0.0
2024-08-23 18:00:00+00:00,0.0
2024-08-23 19:00:00+00:00,0.0
2024-08-26 13:00:00+00:00,0.0
2024-08-26 14:00:00+00:00,0.0
2024-08-26 15:00:00+00:00,0.0
2024-08-26 16:00:00+00:00,0.0
2024-08-26 17:00:00+00:00,0.0
2024-08-26 18:00:00+00:00,0.0
2024-08-26 19:00:00+00:00,0.0
2024-08-27 13:00:00+00:00,0.0
2024-08-27 14:00:00+00:00,0.0
2024-08-27 15:00:00+00:00,0.0
2024-08-27 16:00:00+00:00,0.0
2024-08-27 17:00:00+00:00,0.0
2024-08-27 18:00:00+00:00,0.0
2024-08-27 19:00:00+00:00,0.0
2024-08-28 13:00:00+00:00,0.0
2024-08-28 14:00:00+00:00,0.0
2024-08-28 15:00:00+00:00,0.0
2024-08-28 16:00:00+00:00,0.0
2024-08-28 17:00:00+00:00,0.0
2024-08-28 18:00:00+00:00,0.0
2024-08-28 19:00:00+00:00,0.0
2024-08-29 13:00:00+00:00,0.0
2024-08-29 14:00:00+00:00,0.0
2024-08-29 15:00:00+00:00,0.0
2024-08-29 16:00:00+00:00,0.0
2024-08-29 17:00:00+00:00,0.0
2024-08-29 18:00:00+00:00,0.0
2024-08-29 19:00:00+00:00,0.0
2024-08-30 13:00:00+00:00,0.0
2024-08-30 14:00:00+00:00,0.0
2024-08-30 15:00:00+00:00,0.0
2024-08-30 16:00:00+00:00,0.0
2024-08-30 17:00:00+00:00,0.0
2024-08-30 18:00:00+00:00,0.0
2024-08-30 19:00:00+00:00,0.0
2024-09-03 13:00:00+00:00,0.0
2024-09-03 14:00:00+00:00,0.0
2024-09-03 15:00:00+00:00,0.0
2024-09-03 16:00:00+00:00,0.0
2024-09-03 17:00:00+00:00,0.0
2024-09-03 18:00:00+00:00,0.0
2024-09-03 19:00:00+00:00,0.0
2024-09-04 13:00:00+00:00,0.0
2024-09-04 14:00:00+00:00,0.0
2024-09-04 15:00:00+00:00,0.0
2024-09-04 16:00:00+00:00,0.0
2024-09-04 17:00:00+00:00,0.0
2024-09-04 18:00:00+00:00,0.0
2024-09-04 19:00:00+00:00,0.0
2024-09-05 13:00:00+00:00,0.0
2024-09-05 14:00:00+00:00,0.0
2024-09-05 15:00:00+00:00,0.0
2024-09-05 16:00:00+00:00,0.0
2024-09-05 17:00:00+00:00,0.0
2024-09-05 18:00:00+00:00,0.0
2024-09-05 19:00:00+00:00,0.0
2024-09-06 13:00:00+00:00,0.0
2024-09-06 14:00:00+00:00,0.0
2024-09-06 15:00:00+00:00,0.0
2024-09-06 16:00:00+00:00,0.0
2024-09-06 17:00:00+00:00,0.0
2024-09-06 18:00:00+00:00,0.0
2024-09-06 19:00:00+00:00,0.0
2024-09-09 13:00:00+00:00,0.0
2024-09-09 14:00:00+00:00,0.0
2024-09-09 15:00:00+00:00,0.0
2024-09-09 16:00:00+00:00,0.0
2024-09-09 17:00:00+00:00,0.0
2024-09-09 18:00:00+00:00,0.0
2024-09-09 19:00:00+00:00,0.0
2024-09-10 13:00:00+00:00,0.0
2024-09-10 14:00:00+00:00,0.0
2024-09-10 15:00:00+00:00,0.0
2024-09-10 16:00:00+00:00,0.0
2024-09-10 17:00:00+00:00,0.0
2024-09-10 18:00:00+00:00,0.0
2024-09-10 19:00:00+00:00,0.0
2024-09-11 13:00:00+00:00,0.0
2024-09-11 14:00:00+00:00,0.0
2024-09-11 15:00:00+00:00,0.0
2024-09-11 16:00:00+00:00,0.0
2024-09-11 17:00:00+00:00,0.0
2024-09-11 18:00:00+00:00,0.0
2024-09-11 19:00:00+00:00,0.0
2024-09-12 13:00:00+00:00,0.0
2024-09-12 14:00:00+00:00,0.0
2024-09-12 15:00:00+00:00,0.0
2024-09-12 16:00:00+00:00,0.0
2024-09-12 17:00:00+00:00,0.0
2024-09-12 18:00:00+00:00,0.0
2024-09-12 19:00:00+00:00,0.0
2024-09-13 13:00:00+00:00,0.0
2024-09-13 14:00:00+00:00,0.0
2024-09-13 15:00:00+00:00,0.0
2024-09-13 16:00:00+00:00,0.0
2024-09-13 17:00:00+00:00,0.0
2024-09-13 18:00:00+00:00,0.0
2024-09-13 19:00:00+00:00,0.0
2024-09-16 13:00:00+00:00,0.0
2024-09-16 14:00:00+00:00,0.0
2024-09-16 15:00:00+00:00,0.0
2024-09-16 16:00:00+00:00,0.0
2024-09-16 17:00:00+00:00,0.0
2024-09-16 18:00:00+00:00,0.0
2024-09-16 19:00:00+00:00,0.0
2024-09-17 13:00:00+00:00,0.0
2024-09-17 14:00:00+00:00,0.0
2024-09-17 15:00:00+00:00,0.0
2024-09-17 16:00:00+00:00,0.0
2024-09-17 17:00:00+00:00,0.0
2024-09-17 18:00:00+00:00,0.0
2024-09-17 19:00:00+00:00,0.0
2024-09-18 13:00:00+00:00,0.0
2024-09-18 14:00:00+00:00,0.0
2024-09-18 15:00:00+00:00,0.0
2024-09-18 16:00:00+00:00,0.0
2024-09-18 17:00:00+00:00,0.0
2024-09-18 18:00:00+00:00,0.0
2024-09-18 19:00:00+00:00,0.0
2024-09-19 13:00:00+00:00,-41.89946899107227
2024-09-19 14:00:00+00:00,27.19222672057832
2024-09-19 15:00:00+00:00,43.7052557322678
2024-09-19 16:00:00+00:00,42.762557400803836
2024-09-19 17:00:00+00:00,62.58183018819095
2024-09-19 18:00:00+00:00,90.85096752921844
2024-09-19 19:00:00+00:00,82.19188792916606
2024-09-20 13:00:00+00:00,-4.178823462494535
2024-09-20 14:00:00+00:00,6.293608223360238
2024-09-20 15:00:00+00:00,-37.87502507505155
2024-09-20 16:00:00+00:00,-54.24959343203069
2024-09-20 17:00:00+00:00,-67.80942585531662
2024-09-20 18:00:00+00:00,-45.91942209576462
2024-09-20 19:00:00+00:00,-58.42123071030729
2024-09-23 13:00:00+00:00,-134.82335043828792
2024-09-23 14:00:00+00:00,-71.94085861515038
2024-09-23 15:00:00+00:00,-73.27951284066785
2024-09-23 16:00:00+00:00,-61.70692597095162
2024-09-23 17:00:00+00:00,-59.32191401963094
2024-09-23 18:00:00+00:00,-72.3445156443809
2024-09-23 19:00:00+00:00,-49.823108018200614
2024-09-24 13:00:00+00:00,211.23805331703096
2024-09-24 14:00:00+00:00,170.11365620887725
2024-09-24 15:00:00+00:00,181.16726057208436
2024-09-24 16:00:00+00:00,200.9974538826696
2024-09-24 17:00:00+00:00,192.8189639473412
2024-09-24 18:00:00+00:00,187.20245581280963
2024-09-24 19:00:00+00:00,183.13588446727613
2024-09-25 13:00:00+00:00,197.86932948148362
2024-09-25 14:00:00+00:00,204.46514888450935
2024-09-25 15:00:00+00:00,214.69175258692192
2024-09-25 16:00:00+00:00,175.04202947557778
2024-09-25 17:00:00+00:00,146.29819310130654
2024-09-25 18:00:00+00:00,149.7331808454295
2024-09-25 19:00:00+00:00,166.08053578899865
2024-09-26 13:00:00+00:00,413.1857650817328
2024-09-26 14:00:00+00:00,442.6774538393566
2024-09-26 15:00:00+00:00,453.0643706587195
2024-09-26 16:00:00+00:00,461.9717077097927
2024-09-26 17:00:00+00:00,476.2933960103117
2024-09-26 18:00:00+00:00,480.1449702690012
2024-09-26 19:00:00+00:00,501.3937104693283
2024-09-27 13:00:00+00:00,622.6812531520332
2024-09-27 14:00:00+00:00,656.292190614199
2024-09-27 15:00:00+00:00,657.7114896526529
2024-09-27 16:00:00+00:00,651.7041652797942
2024-09-27 17:00:00+00:00,631.5626510187841
2024-09-27 18:00:00+00:00,599.5534097125898
2024-09-27 19:00:00+00:00,599.4230541583473
2024-09-30 13:00:00+00:00,713.1677301091456
2024-09-30 14:00:00+00:00,676.8975985652726
2024-09-30 15:00:00+00:00,610.3262165130404
2024-09-30 16:00:00+00:00,619.2246244523527
2024-09-30 17:00:00+00:00,649.1973485440512
2024-09-30 18:00:00+00:00,612.7156961660046
2024-09-30 19:00:00+00:00,595.9165929483702
2024-10-01 13:00:00+00:00,612.795184864936
2024-10-01 14:00:00+00:00,602.5516977048447
2024-10-01 15:00:00+00:00,620.9665708215271
2024-10-01 16:00:00+00:00,625.2585271617323
2024-10-01 17:00:00+00:00,621.5801370991161
2024-10-01 18:00:00+00:00,613.5975691609727
2024-10-01 19:00:00+00:00,560.9562237438004
2024-10-02 13:00:00+00:00,899.9815207084174
2024-10-02 14:00:00+00:00,876.41801683771
2024-10-02 15:00:00+00:00,827.279541049101
2024-10-02 16:00:00+00:00,857.8682402514852
2024-10-02 17:00:00+00:00,845.4844601295796
2024-10-02 18:00:00+00:00,852.1810940782327
2024-10-02 19:00:00+00:00,842.6741665849022
2024-10-03 13:00:00+00:00,778.1704683813625
2024-10-03 14:00:00+00:00,750.7427007994288
2024-10-03 15:00:00+00:00,745.6696486975977
2024-10-03 16:00:00+00:00,727.362734779772
2024-10-03 17:00:00+00:00,769.5802897922936
2024-10-03 18:00:00+00:00,748.2839744276782
2024-10-03 19:00:00+00:00,758.5450071970731
2024-10-04 13:00:00+00:00,809.364222171233
2024-10-04 14:00:00+00:00,770.6575278806852
2024-10-04 15:00:00+00:00,787.3100947691195
2024-10-04 16:00:00+00:00,784.9796135575242
2024-10-04 17:00:00+00:00,761.9860477430675
2024-10-04 18:00:00+00:00,773.3085123652071
2024-10-04 19:00:00+00:00,743.1007378069544
2024-10-07 13:00:00+00:00,778.3944525457586
2024-10-07 14:00:00+00:00,763.15350757057
2024-10-07 15:00:00+00:00,732.2272063282666
2024-10-07 16:00:00+00:00,735.7520759844849
2024-10-07 17:00:00+00:00,722.5262102184686
2024-10-07 18:00:00+00:00,740.4141747304153
2024-10-07 19:00:00+00:00,764.7596131706957
2024-10-08 13:00:00+00:00,474.3027059565314
2024-10-08 14:00:00+00:00,476.1698126233747
2024-10-08 15:00:00+00:00,475.35632032111977
2024-10-08 16:00:00+00:00,452.5459037728933
2024-10-08 17:00:00+00:00,473.6513789789834
2024-10-08 18:00:00+00:00,434.7377584492098
2024-10-08 19:00:00+00:00,439.87334642968506
2024-10-09 13:00:00+00:00,293.1207290273602
2024-10-09 14:00:00+00:00,320.78818675034216
2024-10-09 15:00:00+00:00,334.6770009133743
2024-10-09 16:00:00+00:00,331.73561618687097
2024-10-09 17:00:00+00:00,334.3301013709336
2024-10-09 18:00:00+00:00,309.04740838835926
2024-10-09 19:00:00+00:00,292.1266850966738
2024-10-10 13:00:00+00:00,341.54379096942114
2024-10-10 14:00:00+00:00,290.69829490576694
2024-10-10 15:00:00+00:00,287.49427221410264
2024-10-10 16:00:00+00:00,309.936279835782
2024-10-10 17:00:00+00:00,378.7367880416514
2024-10-10 18:00:00+00:00,359.5896580031174
2024-10-10 19:00:00+00:00,347.3896158231057
2024-10-11 13:00:00+00:00,226.95569648513947
2024-10-11 14:00:00+00:00,223.3333600536311
2024-10-11 15:00:00+00:00,189.4169076914442
2024-10-11 16:00:00+00:00,228.620586558026
2024-10-11 17:00:00+00:00,209.61632896427903
2024-10-11 18:00:00+00:00,223.89694541762202
2024-10-11 19:00:00+00:00,239.3464015835391
2024-10-14 13:00:00+00:00,225.46421250660973
2024-10-14 14:00:00+00:00,227.78884479078536
2024-10-14 15:00:00+00:00,232.3851346043792
2024-10-14 16:00:00+00:00,268.8476031529969
2024-10-14 17:00:00+00:00,246.31184632513376
2024-10-14 18:00:00+00:00,227.08631022571402
2024-10-14 19:00:00+00:00,296.48421358795116
2024-10-15 13:00:00+00:00,213.97470986284512
2024-10-15 14:00:00+00:00,212.9070580622481
2024-10-15 15:00:00+00:00,195.53262992172358
2024-10-15 16:00:00+00:00,188.95790483239404
2024-10-15 17:00:00+00:00,218.58057125390647
2024-10-15 18:00:00+00:00,293.62009593187906
2024-10-15 19:00:00+00:00,277.1052135394727
2024-10-16 13:00:00+00:00,298.6219214870713
2024-10-16 14:00:00+00:00,309.38801333402756
2024-10-16 15:00:00+00:00,301.94530690677965
2024-10-16 16:00:00+00:00,361.55198847449844
2024-10-16 17:00:00+00:00,333.8783030417331
2024-10-16 18:00:00+00:00,326.27419237871226
2024-10-16 19:00:00+00:00,327.0279671654451
2024-10-17 13:00:00+00:00,210.21471953424924
2024-10-17 14:00:00+00:00,206.09558411792318
2024-10-17 15:00:00+00:00,157.75252783660227
2024-10-17 16:00:00+00:00,202.33766437115995
2024-10-17 17:00:00+00:00,210.1466387319272
2024-10-17 18:00:00+00:00,192.5487427996694
2024-10-17 19:00:00+00:00,178.20906980946828
2024-10-18 13:00:00+00:00,192.41068493729037
2024-10-18 14:00:00+00:00,160.54053583849017
2024-10-18 15:00:00+00:00,162.2779896338135
2024-10-18 16:00:00+00:00,124.99747106518353
2024-10-18 17:00:00+00:00,125.23597010683818
2024-10-18 18:00:00+00:00,104.92234228281707
2024-10-18 19:00:00+00:00,98.97577635946574
2024-10-21 13:00:00+00:00,60.86018262851385
2024-10-21 14:00:00+00:00,111.47758497400842
2024-10-21 15:00:00+00:00,90.49804752693028
2024-10-21 16:00:00+00:00,61.76230424814345
2024-10-21 17:00:00+00:00,67.776578780426
2024-10-21 18:00:00+00:00,51.88001225283146
2024-10-21 19:00:00+00:00,16.619761766348297
2024-10-22 13:00:00+00:00,58.05111208482909
2024-10-22 14:00:00+00:00,46.53528270190412
2024-10-22 15:00:00+00:00,38.67466532714279
2024-10-22 16:00:00+00:00,78.49624498812683
2024-10-22 17:00:00+00:00,63.80567690878085
2024-10-22 18:00:00+00:00,141.7457809034661
2024-10-22 19:00:00+00:00,121.625849502523
2024-10-23 13:00:00+00:00,66.42571267332215
2024-10-23 14:00:00+00:00,86.51199233892555
2024-10-23 15:00:00+00:00,95.45080867113026
2024-10-23 16:00:00+00:00,104.23307340012278
2024-10-23 17:00:00+00:00,143.06492490455219
2024-10-23 18:00:00+00:00,134.63804974938404
2024-10-23 19:00:00+00:00,120.21707638359442
2024-10-24 13:00:00+00:00,124.8194708162984
2024-10-24 14:00:00+00:00,83.91653006212194
2024-10-24 15:00:00+00:00,73.82743842344483
2024-10-24 16:00:00+00:00,98.42070006123564
2024-10-24 17:00:00+00:00,82.06372019057955
2024-10-24 18:00:00+00:00,94.62665403200849
2024-10-24 19:00:00+00:00,106.38790743308414
2024-10-25 13:00:00+00:00,156.1859493038264
2024-10-25 14:00:00+00:00,187.22659868192207
2024-10-25 15:00:00+00:00,214.41882842389168
2024-10-25 16:00:00+00:00,241.2122891949959
2024-10-25 17:00:00+00:00,259.360262132705
2024-10-25 18:00:00+00:00,285.2664160518308
2024-10-25 19:00:00+00:00,278.60454165949176
2024-10-28 13:00:00+00:00,304.08423386128635
2024-10-28 14:00:00+00:00,291.45528790756276
2024-10-28 15:00:00+00:00,269.2007972922087
2024-10-28 16:00:00+00:00,259.2586714283959
2024-10-28 17:00:00+00:00,258.5127141298188
2024-10-28 18:00:00+00:00,296.5784753504741
2024-10-28 19:00:00+00:00,306.81240799467287
2024-10-29 13:00:00+00:00,290.73772209256737
2024-10-29 14:00:00+00:00,305.89810114679125
2024-10-29 15:00:00+00:00,311.97439224466217
2024-10-29 16:00:00+00:00,323.02296788910957
2024-10-29 17:00:00+00:00,323.0127512215928
2024-10-29 18:00:00+00:00,336.06104526017344
2024-10-29 19:00:00+00:00,344.4538218376916
2024-10-30 13:00:00+00:00,414.35615389776785
2024-10-30 14:00:00+00:00,370.225913441142
2024-10-30 15:00:00+00:00,330.1175557185316
2024-10-30 16:00:00+00:00,342.0029435530372
2024-10-30 17:00:00+00:00,332.9315613109536
2024-10-30 18:00:00+00:00,339.4225971072363
2024-10-30 19:00:00+00:00,324.858090317997
2024-10-31 13:00:00+00:00,307.977760200734
2024-10-31 14:00:00+00:00,253.7370176776578
2024-10-31 15:00:00+00:00,255.52878807635344
2024-10-31 16:00:00+00:00,286.4792282421612
2024-10-31 17:00:00+00:00,288.0285040524959
2024-10-31 18:00:00+00:00,252.41447075113732
2024-10-31 19:00:00+00:00,237.51117069288742
2024-11-01 13:00:00+00:00,190.64117827394148
2024-11-01 14:00:00+00:00,176.85616166566868
2024-11-01 15:00:00+00:00,165.29346097413756
2024-11-01 16:00:00+00:00,179.2097057516975
2024-11-01 17:00:00+00:00,142.36586556791562
2024-11-01 18:00:00+00:00,146.44450578872184
2024-11-01 19:00:00+00:00,147.8274740864472
2024-11-04 14:00:00+00:00,205.4546337757564
2024-11-04 15:00:00+00:00,199.4301907392887
2024-11-04 16:00:00+00:00,199.41515948936595
2024-11-04 17:00:00+00:00,203.44149983086672
2024-11-04 18:00:00+00:00,192.74858686759947
2024-11-04 19:00:00+00:00,211.02665834617926
2024-11-04 20:00:00+00:00,197.9916144798055
2024-11-05 14:00:00+00:00,174.0036644428727
2024-11-05 15:00:00+00:00,175.9042075357438
2024-11-05 16:00:00+00:00,197.3256916788034
2024-11-05 17:00:00+00:00,173.7827527145795
2024-11-05 18:00:00+00:00,175.66237509900577
2024-11-05 19:00:00+00:00,140.3959349528905
2024-11-05 20:00:00+00:00,141.12069300063044
2024-11-06 14:00:00+00:00,65.25632321649704
2024-11-06 15:00:00+00:00,53.98554448537027
2024-11-06 16:00:00+00:00,90.10452168427186
2024-11-06 17:00:00+00:00,77.55943334253637
2024-11-06 18:00:00+00:00,92.92503189646533
2024-11-06 19:00:00+00:00,99.31376156819414
2024-11-06 20:00:00+00:00,56.646556981429974
2024-11-07 14:00:00+00:00,1114.2265224887144
2024-11-07 15:00:00+00:00,1114.2265224887144
2024-11-07 16:00:00+00:00,1114.2265224887144
2024-11-07 17:00:00+00:00,1114.2265224887144
2024-11-07 18:00:00+00:00,1114.2265224887144
2024-11-07 19:00:00+00:00,1114.2265224887144
2024-11-07 20:00:00+00:00,1114.2265224887144
2024-11-08 14:00:00+00:00,1114.2265224887144
2024-11-08 15:00:00+00:00,1114.2265224887144
2024-11-08 16:00:00+00:00,1114.2265224887144
2024-11-08 17:00:00+00:00,1114.2265224887144
2024-11-08 18:00:00+00:00,1114.2265224887144
2024-11-08 19:00:00+00:00,1114.2265224887144
2024-11-08 20:00:00+00:00,1114.2265224887144
2024-11-11 14:00:00+00:00,1114.2265224887144
2024-11-11 15:00:00+00:00,1114.2265224887144
2024-11-11 16:00:00+00:00,1114.2265224887144
2024-11-11 17:00:00+00:00,1114.2265224887144
2024-11-11 18:00:00+00:00,1114.2265224887144
2024-11-11 19:00:00+00:00,1114.2265224887144
2024-11-11 20:00:00+00:00,1114.2265224887144
2024-11-12 14:00:00+00:00,1114.2265224887144
2024-11-12 15:00:00+00:00,1114.2265224887144
2024-11-12 16:00:00+00:00,1114.2265224887144
2024-11-12 17:00:00+00:00,1114.2265224887144
2024-11-12 18:00:00+00:00,1114.2265224887144
2024-11-12 19:00:00+00:00,1114.2265224887144
2024-11-12 20:00:00+00:00,1114.2265224887144
2024-11-13 14:00:00+00:00,1114.2265224887144
2024-11-13 15:00:00+00:00,1114.2265224887144
2024-11-13 16:00:00+00:00,1114.2265224887144
2024-11-13 17:00:00+00:00,1114.2265224887144
2024-11-13 18:00:00+00:00,1114.2265224887144
2024-11-13 19:00:00+00:00,1114.2265224887144
2024-11-13 20:00:00+00:00,1114.2265224887144
2024-11-14 14:00:00+00:00,1114.2265224887144
2024-11-14 15:00:00+00:00,1114.2265224887144
2024-11-14 16:00:00+00:00,1114.2265224887144
2024-11-14 17:00:00+00:00,1114.2265224887144
2024-11-14 18:00:00+00:00,1114.2265224887144
2024-11-14 19:00:00+00:00,1114.2265224887144
2024-11-14 20:00:00+00:00,1114.2265224887144
2024-11-15 14:00:00+00:00,1114.2265224887144
2024-11-15 15:00:00+00:00,1114.2265224887144
2024-11-15 16:00:00+00:00,1114.2265224887144
2024-11-15 17:00:00+00:00,1114.2265224887144
2024-11-15 18:00:00+00:00,1114.2265224887144
2024-11-15 19:00:00+00:00,1114.2265224887144
2024-11-15 20:00:00+00:00,1114.2265224887144
2024-11-18 14:00:00+00:00,1114.2265224887144
2024-11-18 15:00:00+00:00,1114.2265224887144
2024-11-18 16:00:00+00:00,1114.2265224887144
2024-11-18 17:00:00+00:00,1114.2265224887144
2024-11-18 18:00:00+00:00,1114.2265224887144
2024-11-18 19:00:00+00:00,1114.2265224887144
2024-11-18 20:00:00+00:00,1114.2265224887144
2024-11-19 14:00:00+00:00,1114.2265224887144
2024-11-19 15:00:00+00:00,1114.2265224887144
2024-11-19 16:00:00+00:00,1114.2265224887144
2024-11-19 17:00:00+00:00,1114.2265224887144
2024-11-19 18:00:00+00:00,1114.2265224887144
2024-11-19 19:00:00+00:00,1114.2265224887144
2024-11-19 20:00:00+00:00,1114.2265224887144
2024-11-20 14:00:00+00:00,1114.2265224887144
2024-11-20 15:00:00+00:00,1114.2265224887144
2024-11-20 16:00:00+00:00,1114.2265224887144
2024-11-20 17:00:00+00:00,1114.2265224887144
2024-11-20 18:00:00+00:00,1114.2265224887144
2024-11-20 19:00:00+00:00,1114.2265224887144
2024-11-20 20:00:00+00:00,1114.2265224887144
2024-11-21 14:00:00+00:00,1114.2265224887144
2024-11-21 15:00:00+00:00,1114.2265224887144
2024-11-21 16:00:00+00:00,1114.2265224887144
2024-11-21 17:00:00+00:00,1114.2265224887144
2024-11-21 18:00:00+00:00,1114.2265224887144
2024-11-21 19:00:00+00:00,1114.2265224887144
2024-11-21 20:00:00+00:00,1114.2265224887144
2024-11-22 14:00:00+00:00,1114.2265224887144
2024-11-22 15:00:00+00:00,1114.2265224887144
2024-11-22 16:00:00+00:00,1114.2265224887144
2024-11-22 17:00:00+00:00,1114.2265224887144
2024-11-22 18:00:00+00:00,1114.2265224887144
2024-11-22 19:00:00+00:00,1114.2265224887144
2024-11-22 20:00:00+00:00,1114.2265224887144
2024-11-25 14:00:00+00:00,1114.2265224887144
2024-11-25 15:00:00+00:00,1114.2265224887144
2024-11-25 16:00:00+00:00,1114.2265224887144
2024-11-25 17:00:00+00:00,1114.2265224887144
2024-11-25 18:00:00+00:00,1114.2265224887144
2024-11-25 19:00:00+00:00,1114.2265224887144
2024-11-25 20:00:00+00:00,1114.2265224887144
2024-11-26 14:00:00+00:00,1114.2265224887144
2024-11-26 15:00:00+00:00,1114.2265224887144
2024-11-26 16:00:00+00:00,1114.2265224887144
2024-11-26 17:00:00+00:00,1114.2265224887144
2024-11-26 18:00:00+00:00,1114.2265224887144
2024-11-26 19:00:00+00:00,1114.2265224887144
2024-11-26 20:00:00+00:00,1114.2265224887144
2024-11-27 14:00:00+00:00,1114.2265224887144
2024-11-27 15:00:00+00:00,1114.2265224887144
2024-11-27 16:00:00+00:00,1114.2265224887144
2024-11-27 17:00:00+00:00,1114.2265224887144
2024-11-27 18:00:00+00:00,1114.2265224887144
2024-11-27 19:00:00+00:00,1114.2265224887144
2024-11-27 20:00:00+00:00,1114.2265224887144
2024-11-29 14:00:00+00:00,1114.2265224887144
2024-11-29 15:00:00+00:00,1114.2265224887144
2024-11-29 16:00:00+00:00,1114.2265224887144
2024-12-02 14:00:00+00:00,1114.2265224887144
2024-12-02 15:00:00+00:00,1114.2265224887144
2024-12-02 16:00:00+00:00,1114.2265224887144
2024-12-02 17:00:00+00:00,1114.2265224887144
2024-12-02 18:00:00+00:00,1114.2265224887144
2024-12-02 19:00:00+00:00,1114.2265224887144
2024-12-02 20:00:00+00:00,1114.2265224887144
2024-12-03 14:00:00+00:00,1114.2265224887144
2024-12-03 15:00:00+00:00,1114.2265224887144
2024-12-03 16:00:00+00:00,1114.2265224887144
2024-12-03 17:00:00+00:00,1114.2265224887144
2024-12-03 18:00:00+00:00,1114.2265224887144
2024-12-03 19:00:00+00:00,1114.2265224887144
2024-12-03 20:00:00+00:00,1114.2265224887144
2024-12-04 14:00:00+00:00,1114.2265224887144
2024-12-04 15:00:00+00:00,1114.2265224887144
2024-12-04 16:00:00+00:00,1114.2265224887144
2024-12-04 17:00:00+00:00,1114.2265224887144
2024-12-04 18:00:00+00:00,1114.2265224887144
2024-12-04 19:00:00+00:00,1114.2265224887144
2024-12-04 20:00:00+00:00,1114.2265224887144
2024-12-05 14:00:00+00:00,1114.2265224887144
2024-12-05 15:00:00+00:00,1114.2265224887144
2024-12-05 16:00:00+00:00,1114.2265224887144
2024-12-05 17:00:00+00:00,1114.2265224887144
2024-12-05 18:00:00+00:00,1114.2265224887144
2024-12-05 19:00:00+00:00,1114.2265224887144
2024-12-05 20:00:00+00:00,1114.2265224887144
2024-12-06 14:00:00+00:00,1114.2265224887144
2024-12-06 15:00:00+00:00,1114.2265224887144
2024-12-06 16:00:00+00:00,1114.2265224887144
2024-12-06 17:00:00+00:00,1114.2265224887144
2024-12-06 18:00:00+00:00,1114.2265224887144
2024-12-06 19:00:00+00:00,1114.2265224887144
2024-12-06 20:00:00+00:00,1114.2265224887144
2024-12-09 14:00:00+00:00,1114.2265224887144
2024-12-09 15:00:00+00:00,1114.2265224887144
2024-12-09 16:00:00+00:00,1114.2265224887144
2024-12-09 17:00:00+00:00,1114.2265224887144
2024-12-09 18:00:00+00:00,1114.2265224887144
2024-12-09 19:00:00+00:00,1114.2265224887144
2024-12-09 20:00:00+00:00,1114.2265224887144
2024-12-10 14:00:00+00:00,1114.2265224887144
2024-12-10 15:00:00+00:00,1114.2265224887144
2024-12-10 16:00:00+00:00,1114.2265224887144
2024-12-10 17:00:00+00:00,1114.2265224887144
2024-12-10 18:00:00+00:00,1114.2265224887144
2024-12-10 19:00:00+00:00,1114.2265224887144
2024-12-10 20:00:00+00:00,1114.2265224887144
2024-12-11 14:00:00+00:00,1114.2265224887144
2024-12-11 15:00:00+00:00,1114.2265224887144
2024-12-11 16:00:00+00:00,1114.2265224887144
2024-12-11 17:00:00+00:00,1114.2265224887144
2024-12-11 18:00:00+00:00,1114.2265224887144
2024-12-11 19:00:00+00:00,1114.2265224887144
2024-12-11 20:00:00+00:00,1114.2265224887144
2024-12-12 14:00:00+00:00,1114.2265224887144
2024-12-12 15:00:00+00:00,1114.2265224887144
2024-12-12 16:00:00+00:00,1114.2265224887144
2024-12-12 17:00:00+00:00,1114.2265224887144
2024-12-12 18:00:00+00:00,1114.2265224887144
2024-12-12 19:00:00+00:00,1114.2265224887144
2024-12-12 20:00:00+00:00,1114.2265224887144
2024-12-13 14:00:00+00:00,1114.2265224887144
2024-12-13 15:00:00+00:00,1114.2265224887144
2024-12-13 16:00:00+00:00,1114.2265224887144
2024-12-13 17:00:00+00:00,1114.2265224887144
2024-12-13 18:00:00+00:00,1114.2265224887144
2024-12-13 19:00:00+00:00,1114.2265224887144
2024-12-13 20:00:00+00:00,1114.2265224887144
2024-12-16 14:00:00+00:00,1114.2265224887144
2024-12-16 15:00:00+00:00,1114.2265224887144
2024-12-16 16:00:00+00:00,1114.2265224887144
2024-12-16 17:00:00+00:00,1114.2265224887144
2024-12-16 18:00:00+00:00,1114.2265224887144
2024-12-16 19:00:00+00:00,1114.2265224887144
2024-12-16 20:00:00+00:00,1114.2265224887144
2024-12-17 14:00:00+00:00,1114.2265224887144
2024-12-17 15:00:00+00:00,1114.2265224887144
2024-12-17 16:00:00+00:00,1114.2265224887144
2024-12-17 17:00:00+00:00,1114.2265224887144
2024-12-17 18:00:00+00:00,1114.2265224887144
2024-12-17 19:00:00+00:00,1114.2265224887144
2024-12-17 20:00:00+00:00,1114.2265224887144
2024-12-18 14:00:00+00:00,1114.2265224887144
2024-12-18 15:00:00+00:00,1114.2265224887144
2024-12-18 16:00:00+00:00,1071.7282354510899
2024-12-18 17:00:00+00:00,1015.5441803912687
2024-12-18 18:00:00+00:00,991.3312280960993
2024-12-18 19:00:00+00:00,949.2763109098746
2024-12-18 20:00:00+00:00,895.6138357056705
2024-12-19 14:00:00+00:00,728.298186621709
2024-12-19 15:00:00+00:00,756.9032617293752
2024-12-19 16:00:00+00:00,748.3208616510708
2024-12-19 17:00:00+00:00,772.3069854208613
2024-12-19 18:00:00+00:00,738.6566388933983
2024-12-19 19:00:00+00:00,737.6468651127785
2024-12-19 20:00:00+00:00,717.951576977058
2024-12-20 14:00:00+00:00,716.1162711824762
2024-12-20 15:00:00+00:00,820.6594915394622
2024-12-20 16:00:00+00:00,854.2795643173807
2024-12-20 17:00:00+00:00,819.9970054032872
2024-12-20 18:00:00+00:00,826.1387249059767
2024-12-20 19:00:00+00:00,812.0237855132453
2024-12-20 20:00:00+00:00,835.8585019374513
2024-12-23 14:00:00+00:00,955.8580253984649
2024-12-23 15:00:00+00:00,888.9164806251434
2024-12-23 16:00:00+00:00,909.6322612133657
2024-12-23 17:00:00+00:00,863.0078401369332
2024-12-23 18:00:00+00:00,859.727173844052
2024-12-23 19:00:00+00:00,856.2950463897052
2024-12-23 20:00:00+00:00,847.6189339337459
2024-12-24 14:00:00+00:00,850.0517830380471
2024-12-24 15:00:00+00:00,863.3119004117328
2024-12-24 16:00:00+00:00,873.4868909350247
2024-12-26 14:00:00+00:00,873.1196499640705
2024-12-26 15:00:00+00:00,828.7614527382403
2024-12-26 16:00:00+00:00,852.9062997090522
2024-12-26 17:00:00+00:00,859.8226851711462
2024-12-26 18:00:00+00:00,845.865657887228
2024-12-26 19:00:00+00:00,859.7611831423277
2024-12-26 20:00:00+00:00,846.1378331846419
2024-12-27 14:00:00+00:00,857.334613802463
2024-12-27 15:00:00+00:00,860.5259415220582
2024-12-27 16:00:00+00:00,846.3101638100411
2024-12-27 17:00:00+00:00,838.0715413435513
2024-12-27 18:00:00+00:00,838.4048769250956
2024-12-27 19:00:00+00:00,844.2028521434723
2024-12-27 20:00:00+00:00,844.6360205925264
2024-12-30 14:00:00+00:00,776.794858017408
2024-12-30 15:00:00+00:00,825.0050365103145
2024-12-30 16:00:00+00:00,823.9476855569354
2024-12-30 17:00:00+00:00,837.7741183320728
2024-12-30 18:00:00+00:00,844.8895450434654
2024-12-30 19:00:00+00:00,852.8230685809415
2024-12-30 20:00:00+00:00,859.4832823983188
2024-12-31 14:00:00+00:00,847.5712316196363
2024-12-31 15:00:00+00:00,816.0479976945816
2024-12-31 16:00:00+00:00,835.6760058216609
2024-12-31 17:00:00+00:00,826.7353201988722
2024-12-31 18:00:00+00:00,823.9860291096859
2024-12-31 19:00:00+00:00,819.9114033095258
2024-12-31 20:00:00+00:00,778.9090161918936
2025-01-02 14:00:00+00:00,942.6427038075301
2025-01-02 15:00:00+00:00,961.133720865994
2025-01-02 16:00:00+00:00,919.3320666009203
2025-01-02 17:00:00+00:00,955.684121441459
2025-01-02 18:00:00+00:00,1001.852950727058
2025-01-02 19:00:00+00:00,1003.6098444379678
2025-01-02 20:00:00+00:00,987.7414146680811
2025-01-03 14:00:00+00:00,1322.2227098100834
2025-01-03 15:00:00+00:00,1299.150779566113
2025-01-03 16:00:00+00:00,1334.7337041454857
2025-01-03 17:00:00+00:00,1332.6473660997524
2025-01-03 18:00:00+00:00,1347.2199394451343
2025-01-03 19:00:00+00:00,1352.520602675705
2025-01-03 20:00:00+00:00,1332.914256416351
2025-01-06 14:00:00+00:00,1168.6901689412107
2025-01-06 15:00:00+00:00,1196.2834480775098
2025-01-06 16:00:00+00:00,1159.4327311588665
2025-01-06 17:00:00+00:00,1166.7733091551659
2025-01-06 18:00:00+00:00,1196.6218845161031
2025-01-06 19:00:00+00:00,1223.5348532893613
2025-01-06 20:00:00+00:00,1227.9191246594746
2025-01-07 14:00:00+00:00,1128.9865383090137
2025-01-07 15:00:00+00:00,1170.0207009130536
2025-01-07 16:00:00+00:00,1183.5063957926784
2025-01-07 17:00:00+00:00,1202.3963996826592
2025-01-07 18:00:00+00:00,1183.6241775960516
2025-01-07 19:00:00+00:00,1146.6958090756505
2025-01-07 20:00:00+00:00,1159.020432173746
2025-01-08 14:00:00+00:00,1063.6375531358985
2025-01-08 15:00:00+00:00,1113.9939958297766
2025-01-08 16:00:00+00:00,1103.853779924682
2025-01-08 17:00:00+00:00,1120.8027502805492
2025-01-08 18:00:00+00:00,1117.0372872446583
2025-01-08 19:00:00+00:00,1095.1289597028374
2025-01-08 20:00:00+00:00,1083.1125821969683
2025-01-10 14:00:00+00:00,1108.0475337938858
2025-01-10 15:00:00+00:00,1188.2816179108502
2025-01-10 16:00:00+00:00,1117.556991105958
2025-01-10 17:00:00+00:00,1173.2161197384635
2025-01-10 18:00:00+00:00,1124.6530177761574
2025-01-10 19:00:00+00:00,1151.2737828983666
2025-01-10 20:00:00+00:00,1157.4522281325665
2025-01-13 14:00:00+00:00,1024.8203855436507
2025-01-13 15:00:00+00:00,1067.8086380744203
2025-01-13 16:00:00+00:00,1096.6499646222392
2025-01-13 17:00:00+00:00,1086.8348367784267
2025-01-13 18:00:00+00:00,1067.4305745227182
2025-01-13 19:00:00+00:00,1087.9732304705685
2025-01-13 20:00:00+00:00,1083.9969336513257
2025-01-14 14:00:00+00:00,1069.9398082472135
2025-01-14 15:00:00+00:00,1098.215474270491
2025-01-14 16:00:00+00:00,1056.1773429474315
2025-01-14 17:00:00+00:00,1100.5945064222142
2025-01-14 18:00:00+00:00,1118.9999994733266
2025-01-14 19:00:00+00:00,1071.9989153402278
2025-01-14 20:00:00+00:00,1068.7260471911582
2025-01-15 14:00:00+00:00,1298.437979420522
2025-01-15 15:00:00+00:00,1307.023478880303
2025-01-15 16:00:00+00:00,1308.8159016957272
2025-01-15 17:00:00+00:00,1331.011883661112
2025-01-15 18:00:00+00:00,1287.0519111312253
2025-01-15 19:00:00+00:00,1269.3659847030385
2025-01-15 20:00:00+00:00,1278.384164698908
2025-01-16 14:00:00+00:00,1224.7632553780732
2025-01-16 15:00:00+00:00,1337.7784469137325
2025-01-16 16:00:00+00:00,1290.998796420735
2025-01-16 17:00:00+00:00,1329.4989686410502
2025-01-16 18:00:00+00:00,1334.3425243684503
2025-01-16 19:00:00+00:00,1327.251301134797
2025-01-16 20:00:00+00:00,1269.321012776397
2025-01-17 14:00:00+00:00,1235.1799893322423
2025-01-17 15:00:00+00:00,1221.2248771246186
2025-01-17 16:00:00+00:00,1214.3252657211851
2025-01-17 17:00:00+00:00,1229.8994700648525
2025-01-17 18:00:00+00:00,1193.0543709610422
2025-01-17 19:00:00+00:00,1190.2971621900456
2025-01-17 20:00:00+00:00,1186.1767000937032
2025-01-21 14:00:00+00:00,1188.5849113751465
2025-01-21 15:00:00+00:00,1213.9745898548083
2025-01-21 16:00:00+00:00,1196.8825765233398
2025-01-21 17:00:00+00:00,1198.9074510767707
2025-01-21 18:00:00+00:00,1185.1022266990062
2025-01-21 19:00:00+00:00,1169.8424426667857
2025-01-21 20:00:00+00:00,1157.1466526178888
2025-01-22 14:00:00+00:00,1128.8608358025613
2025-01-22 15:00:00+00:00,1130.6341338340187
2025-01-22 16:00:00+00:00,1114.4141341598913
2025-01-22 17:00:00+00:00,1079.7842547911596
2025-01-22 18:00:00+00:00,1125.3105162859317
2025-01-22 19:00:00+00:00,1143.9488305863686
2025-01-22 20:00:00+00:00,1159.2940260756784
2025-01-23 14:00:00+00:00,1171.2469326605535
2025-01-23 15:00:00+00:00,1166.878879273775
2025-01-23 16:00:00+00:00,1151.890583326696
2025-01-23 17:00:00+00:00,1193.0875862443454
2025-01-23 18:00:00+00:00,1180.6764778269892
2025-01-23 19:00:00+00:00,1172.4071993029931
2025-01-23 20:00:00+00:00,1185.3616488119771
2025-01-24 14:00:00+00:00,1199.5913574794747
2025-01-24 15:00:00+00:00,1177.186562886866
2025-01-24 16:00:00+00:00,1198.3870179918226
2025-01-24 17:00:00+00:00,1215.0124764080235
2025-01-24 18:00:00+00:00,1192.5834933690082
2025-01-24 19:00:00+00:00,1177.1457070806737
2025-01-24 20:00:00+00:00,1187.0557783717506
2025-01-27 14:00:00+00:00,1170.9132668270734
2025-01-27 15:00:00+00:00,1150.7165834145292
2025-01-27 16:00:00+00:00,1168.9524342800537
2025-01-27 17:00:00+00:00,1096.419426531292
2025-01-27 18:00:00+00:00,1126.0315248342436
2025-01-27 19:00:00+00:00,1105.32236751263
2025-01-27 20:00:00+00:00,1116.7139351133794
2025-01-28 14:00:00+00:00,1294.6965619084554
2025-01-28 15:00:00+00:00,1287.3313460892991
2025-01-28 16:00:00+00:00,1282.337027969173
2025-01-28 17:00:00+00:00,1301.3759680531189
2025-01-28 18:00:00+00:00,1338.690543736618
2025-01-28 19:00:00+00:00,1370.8721353343467
2025-01-28 20:00:00+00:00,1334.5485904806305
2025-01-29 14:00:00+00:00,1225.4580152063065
2025-01-29 15:00:00+00:00,1259.3090652134472
2025-01-29 16:00:00+00:00,1292.8188269760747
2025-01-29 17:00:00+00:00,1300.8737784495715
2025-01-29 18:00:00+00:00,1267.6124912028806
2025-01-29 19:00:00+00:00,1311.9320104687765
2025-01-29 20:00:00+00:00,1294.9802919040994
2025-01-30 14:00:00+00:00,1364.348880139097
2025-01-30 15:00:00+00:00,1364.348880139097
2025-01-30 16:00:00+00:00,1364.348880139097
2025-01-30 17:00:00+00:00,1364.348880139097
2025-01-30 18:00:00+00:00,1364.348880139097
2025-01-30 19:00:00+00:00,1364.348880139097
2025-01-30 20:00:00+00:00,1364.348880139097
2025-01-31 14:00:00+00:00,1364.348880139097
2025-01-31 15:00:00+00:00,1364.348880139097
2025-01-31 16:00:00+00:00,1364.348880139097
2025-01-31 17:00:00+00:00,1364.348880139097
2025-01-31 18:00:00+00:00,1364.348880139097
2025-01-31 19:00:00+00:00,1364.348880139097
2025-01-31 20:00:00+00:00,1364.348880139097
2025-02-03 14:00:00+00:00,1364.348880139097
2025-02-03 15:00:00+00:00,1364.348880139097
2025-02-03 16:00:00+00:00,1364.348880139097
2025-02-03 17:00:00+00:00,1364.348880139097
2025-02-03 18:00:00+00:00,1364.348880139097
2025-02-03 19:00:00+00:00,1364.348880139097
2025-02-03 20:00:00+00:00,1364.348880139097
2025-02-04 14:00:00+00:00,1364.348880139097
2025-02-04 15:00:00+00:00,1364.348880139097
2025-02-04 16:00:00+00:00,1364.348880139097
2025-02-04 17:00:00+00:00,1364.348880139097
2025-02-04 18:00:00+00:00,1364.348880139097
2025-02-04 19:00:00+00:00,1364.348880139097
2025-02-04 20:00:00+00:00,1364.348880139097
2025-02-05 14:00:00+00:00,1364.348880139097
2025-02-05 15:00:00+00:00,1364.348880139097
2025-02-05 16:00:00+00:00,1364.348880139097
2025-02-05 17:00:00+00:00,1364.348880139097
2025-02-05 18:00:00+00:00,1364.348880139097
2025-02-05 19:00:00+00:00,1364.348880139097
2025-02-05 20:00:00+00:00,1364.348880139097
2025-02-06 14:00:00+00:00,1364.348880139097
2025-02-06 15:00:00+00:00,1364.348880139097
2025-02-06 16:00:00+00:00,1364.348880139097
2025-02-06 17:00:00+00:00,1364.348880139097
2025-02-06 18:00:00+00:00,1364.348880139097
2025-02-06 19:00:00+00:00,1364.348880139097
2025-02-06 20:00:00+00:00,1364.348880139097
2025-02-07 14:00:00+00:00,1364.348880139097
2025-02-07 15:00:00+00:00,1364.348880139097
2025-02-07 16:00:00+00:00,1364.348880139097
2025-02-07 17:00:00+00:00,1364.348880139097
2025-02-07 18:00:00+00:00,1364.348880139097
2025-02-07 19:00:00+00:00,1364.348880139097
2025-02-07 20:00:00+00:00,1364.348880139097
2025-02-10 14:00:00+00:00,1364.348880139097
2025-02-10 15:00:00+00:00,1364.348880139097
2025-02-10 16:00:00+00:00,1364.348880139097
2025-02-10 17:00:00+00:00,1364.348880139097
2025-02-10 18:00:00+00:00,1364.348880139097
2025-02-10 19:00:00+00:00,1364.348880139097
2025-02-10 20:00:00+00:00,1364.348880139097
2025-02-11 14:00:00+00:00,1364.348880139097
2025-02-11 15:00:00+00:00,1364.348880139097
2025-02-11 16:00:00+00:00,1364.348880139097
2025-02-11 17:00:00+00:00,1364.348880139097
2025-02-11 18:00:00+00:00,1364.348880139097
2025-02-11 19:00:00+00:00,1364.348880139097
2025-02-11 20:00:00+00:00,1364.348880139097
2025-02-12 14:00:00+00:00,1364.348880139097
2025-02-12 15:00:00+00:00,1364.348880139097
2025-02-12 16:00:00+00:00,1364.348880139097
2025-02-12 17:00:00+00:00,1364.348880139097
2025-02-12 18:00:00+00:00,1364.348880139097
2025-02-12 19:00:00+00:00,1364.348880139097
2025-02-12 20:00:00+00:00,1364.348880139097
2025-02-13 14:00:00+00:00,1364.348880139097
2025-02-13 15:00:00+00:00,1364.348880139097
2025-02-13 16:00:00+00:00,1364.348880139097
2025-02-13 17:00:00+00:00,1364.348880139097
2025-02-13 18:00:00+00:00,1364.348880139097
2025-02-13 19:00:00+00:00,1364.348880139097
2025-02-13 20:00:00+00:00,1364.348880139097
2025-02-14 14:00:00+00:00,1364.348880139097
2025-02-14 15:00:00+00:00,1364.348880139097
2025-02-14 16:00:00+00:00,1364.348880139097
2025-02-14 17:00:00+00:00,1364.348880139097
2025-02-14 18:00:00+00:00,1364.348880139097
2025-02-14 19:00:00+00:00,1364.348880139097
2025-02-14 20:00:00+00:00,1364.348880139097
2025-02-18 14:00:00+00:00,1364.348880139097
2025-02-18 15:00:00+00:00,1364.348880139097
2025-02-18 16:00:00+00:00,1364.348880139097
2025-02-18 17:00:00+00:00,1364.348880139097
2025-02-18 18:00:00+00:00,1364.348880139097
2025-02-18 19:00:00+00:00,1364.348880139097
2025-02-18 20:00:00+00:00,1364.348880139097
2025-02-19 14:00:00+00:00,1364.348880139097
2025-02-19 15:00:00+00:00,1364.348880139097
2025-02-19 16:00:00+00:00,1364.348880139097
2025-02-19 17:00:00+00:00,1364.348880139097
2025-02-19 18:00:00+00:00,1364.348880139097
2025-02-19 19:00:00+00:00,1364.348880139097
2025-02-19 20:00:00+00:00,1364.348880139097
2025-02-20 14:00:00+00:00,1364.348880139097
2025-02-20 15:00:00+00:00,1364.348880139097
2025-02-20 16:00:00+00:00,1364.348880139097
2025-02-20 17:00:00+00:00,1364.348880139097
2025-02-20 18:00:00+00:00,1364.348880139097
2025-02-20 19:00:00+00:00,1364.348880139097
2025-02-20 20:00:00+00:00,1364.348880139097
2025-02-21 14:00:00+00:00,1364.348880139097
2025-02-21 15:00:00+00:00,1364.348880139097
2025-02-21 16:00:00+00:00,1364.348880139097
2025-02-21 17:00:00+00:00,1364.348880139097
2025-02-21 18:00:00+00:00,1364.348880139097
2025-02-21 19:00:00+00:00,1364.348880139097
2025-02-21 20:00:00+00:00,1364.348880139097
2025-02-24 14:00:00+00:00,1364.348880139097
2025-02-24 15:00:00+00:00,1364.348880139097
2025-02-24 16:00:00+00:00,1364.348880139097
2025-02-24 17:00:00+00:00,1364.348880139097
2025-02-24 18:00:00+00:00,1364.348880139097
2025-02-24 19:00:00+00:00,1364.348880139097
2025-02-24 20:00:00+00:00,1364.348880139097
2025-02-25 14:00:00+00:00,1364.348880139097
2025-02-25 15:00:00+00:00,1364.348880139097
2025-02-25 16:00:00+00:00,1364.348880139097
2025-02-25 17:00:00+00:00,1364.348880139097
2025-02-25 18:00:00+00:00,1364.348880139097
2025-02-25 19:00:00+00:00,1364.348880139097
2025-02-25 20:00:00+00:00,1364.348880139097
2025-02-26 14:00:00+00:00,1364.348880139097
2025-02-26 15:00:00+00:00,1364.348880139097
2025-02-26 16:00:00+00:00,1364.348880139097
2025-02-26 17:00:00+00:00,1364.348880139097
2025-02-26 18:00:00+00:00,1364.348880139097
2025-02-26 19:00:00+00:00,1364.348880139097
2025-02-26 20:00:00+00:00,1364.348880139097
2025-02-27 14:00:00+00:00,1364.348880139097
2025-02-27 15:00:00+00:00,1364.348880139097
2025-02-27 16:00:00+00:00,1364.348880139097
2025-02-27 17:00:00+00:00,1364.348880139097
2025-02-27 18:00:00+00:00,1364.348880139097
2025-02-27 19:00:00+00:00,1364.348880139097
2025-02-27 20:00:00+00:00,1364.348880139097
2025-02-28 14:00:00+00:00,1364.348880139097
2025-02-28 15:00:00+00:00,1364.348880139097
2025-02-28 16:00:00+00:00,1364.348880139097
2025-02-28 17:00:00+00:00,1364.348880139097
2025-02-28 18:00:00+00:00,1364.348880139097
2025-02-28 19:00:00+00:00,1364.348880139097
2025-02-28 20:00:00+00:00,1364.348880139097
2025-03-03 14:00:00+00:00,1364.348880139097
2025-03-03 15:00:00+00:00,1364.348880139097
2025-03-03 16:00:00+00:00,1364.348880139097
2025-03-03 17:00:00+00:00,1364.348880139097
2025-03-03 18:00:00+00:00,1364.348880139097
2025-03-03 19:00:00+00:00,1364.348880139097
2025-03-03 20:00:00+00:00,1364.348880139097
2025-03-04 14:00:00+00:00,1364.348880139097
2025-03-04 15:00:00+00:00,1364.348880139097
2025-03-04 16:00:00+00:00,1364.348880139097
2025-03-04 17:00:00+00:00,1364.348880139097
2025-03-04 18:00:00+00:00,1364.348880139097
2025-03-04 19:00:00+00:00,1364.348880139097
2025-03-04 20:00:00+00:00,1364.348880139097
2025-03-05 14:00:00+00:00,1364.348880139097
2025-03-05 15:00:00+00:00,1364.348880139097
2025-03-05 16:00:00+00:00,1364.348880139097
2025-03-05 17:00:00+00:00,1364.348880139097
2025-03-05 18:00:00+00:00,1364.348880139097
2025-03-05 19:00:00+00:00,1364.348880139097
2025-03-05 20:00:00+00:00,1364.348880139097
2025-03-06 14:00:00+00:00,1364.348880139097
2025-03-06 15:00:00+00:00,1364.348880139097
2025-03-06 16:00:00+00:00,1364.348880139097
2025-03-06 17:00:00+00:00,1364.348880139097
2025-03-06 18:00:00+00:00,1364.348880139097
2025-03-06 19:00:00+00:00,1364.348880139097
2025-03-06 20:00:00+00:00,1364.348880139097
2025-03-07 14:00:00+00:00,1364.348880139097
2025-03-07 15:00:00+00:00,1364.348880139097
2025-03-07 16:00:00+00:00,1364.348880139097
2025-03-07 17:00:00+00:00,1364.348880139097
2025-03-07 18:00:00+00:00,1364.348880139097
2025-03-07 19:00:00+00:00,1364.348880139097
2025-03-07 20:00:00+00:00,1364.348880139097
2025-03-10 13:00:00+00:00,1364.348880139097
2025-03-10 14:00:00+00:00,1364.348880139097
2025-03-10 15:00:00+00:00,1364.348880139097
2025-03-10 16:00:00+00:00,1364.348880139097
2025-03-10 17:00:00+00:00,1364.348880139097
2025-03-10 18:00:00+00:00,1364.348880139097
2025-03-10 19:00:00+00:00,1364.348880139097
2025-03-11 13:00:00+00:00,1364.348880139097
2025-03-11 14:00:00+00:00,1364.348880139097
2025-03-11 15:00:00+00:00,1364.348880139097
2025-03-11 16:00:00+00:00,1364.348880139097
2025-03-11 17:00:00+00:00,1364.348880139097
2025-03-11 18:00:00+00:00,1364.348880139097
2025-03-11 19:00:00+00:00,1364.348880139097
2025-03-12 13:00:00+00:00,1364.348880139097
2025-03-12 14:00:00+00:00,1364.348880139097
2025-03-12 15:00:00+00:00,1364.348880139097
2025-03-12 16:00:00+00:00,1364.348880139097
2025-03-12 17:00:00+00:00,1364.348880139097
2025-03-12 18:00:00+00:00,1364.348880139097
2025-03-12 19:00:00+00:00,1364.348880139097
2025-03-13 13:00:00+00:00,1364.348880139097
2025-03-13 14:00:00+00:00,1364.348880139097
2025-03-13 15:00:00+00:00,1364.348880139097
2025-03-13 16:00:00+00:00,1364.348880139097
2025-03-13 17:00:00+00:00,1364.348880139097
2025-03-13 18:00:00+00:00,1364.348880139097
2025-03-13 19:00:00+00:00,1364.348880139097
2025-03-14 13:00:00+00:00,1364.348880139097
2025-03-14 14:00:00+00:00,1364.348880139097
2025-03-14 15:00:00+00:00,1364.348880139097
2025-03-14 16:00:00+00:00,1364.348880139097
2025-03-14 17:00:00+00:00,1364.348880139097
2025-03-14 18:00:00+00:00,1364.348880139097
2025-03-14 19:00:00+00:00,1364.348880139097
2025-03-17 13:00:00+00:00,1364.348880139097
2025-03-17 14:00:00+00:00,1364.348880139097
2025-03-17 15:00:00+00:00,1364.348880139097
2025-03-17 16:00:00+00:00,1364.348880139097
2025-03-17 17:00:00+00:00,1364.348880139097
2025-03-17 18:00:00+00:00,1364.348880139097
2025-03-17 19:00:00+00:00,1364.348880139097
2025-03-18 13:00:00+00:00,1364.348880139097
2025-03-18 14:00:00+00:00,1364.348880139097
2025-03-18 15:00:00+00:00,1364.348880139097
2025-03-18 16:00:00+00:00,1364.348880139097
2025-03-18 17:00:00+00:00,1364.348880139097
2025-03-18 18:00:00+00:00,1364.348880139097
2025-03-18 19:00:00+00:00,1364.348880139097
2025-03-19 13:00:00+00:00,1364.348880139097
2025-03-19 14:00:00+00:00,1364.348880139097
2025-03-19 15:00:00+00:00,1364.348880139097
2025-03-19 16:00:00+00:00,1364.348880139097
2025-03-19 17:00:00+00:00,1364.348880139097
2025-03-19 18:00:00+00:00,1364.348880139097
2025-03-19 19:00:00+00:00,1364.348880139097
2025-03-20 13:00:00+00:00,1364.348880139097
2025-03-20 14:00:00+00:00,1364.348880139097
2025-03-20 15:00:00+00:00,1364.348880139097
2025-03-20 16:00:00+00:00,1364.348880139097
2025-03-20 17:00:00+00:00,1364.348880139097
2025-03-20 18:00:00+00:00,1364.348880139097
2025-03-20 19:00:00+00:00,1364.348880139097
2025-03-21 13:00:00+00:00,1364.348880139097
2025-03-21 14:00:00+00:00,1364.348880139097
2025-03-21 15:00:00+00:00,1364.348880139097
2025-03-21 16:00:00+00:00,1364.348880139097
2025-03-21 17:00:00+00:00,1364.348880139097
2025-03-21 18:00:00+00:00,1364.348880139097
2025-03-21 19:00:00+00:00,1364.348880139097
2025-03-24 13:00:00+00:00,1364.348880139097
2025-03-24 14:00:00+00:00,1364.348880139097
2025-03-24 15:00:00+00:00,1364.348880139097
2025-03-24 16:00:00+00:00,1364.348880139097
2025-03-24 17:00:00+00:00,1364.348880139097
2025-03-24 18:00:00+00:00,1364.348880139097
2025-03-24 19:00:00+00:00,1364.348880139097
2025-03-25 13:00:00+00:00,1364.348880139097
2025-03-25 14:00:00+00:00,1364.348880139097
2025-03-25 15:00:00+00:00,1364.348880139097
2025-03-25 16:00:00+00:00,1364.348880139097
2025-03-25 17:00:00+00:00,1364.348880139097
2025-03-25 18:00:00+00:00,1364.348880139097
2025-03-25 19:00:00+00:00,1364.348880139097
2025-03-26 13:00:00+00:00,1364.348880139097
2025-03-26 14:00:00+00:00,1364.348880139097
2025-03-26 15:00:00+00:00,1364.348880139097
2025-03-26 16:00:00+00:00,1364.348880139097
2025-03-26 17:00:00+00:00,1364.348880139097
2025-03-26 18:00:00+00:00,1364.348880139097
2025-03-26 19:00:00+00:00,1364.348880139097
2025-03-27 13:00:00+00:00,1364.348880139097
2025-03-27 14:00:00+00:00,1364.348880139097
2025-03-27 15:00:00+00:00,1364.348880139097
2025-03-27 16:00:00+00:00,1364.348880139097
2025-03-27 17:00:00+00:00,1364.348880139097
2025-03-27 18:00:00+00:00,1364.348880139097
2025-03-27 19:00:00+00:00,1364.348880139097
2025-03-28 13:00:00+00:00,1364.348880139097
2025-03-28 14:00:00+00:00,1364.348880139097
2025-03-28 15:00:00+00:00,1364.348880139097
2025-03-28 16:00:00+00:00,1364.348880139097
2025-03-28 17:00:00+00:00,1364.348880139097
2025-03-28 18:00:00+00:00,1364.348880139097
2025-03-28 19:00:00+00:00,1364.348880139097
2025-03-31 13:00:00+00:00,1364.348880139097
2025-03-31 14:00:00+00:00,1364.348880139097
2025-03-31 15:00:00+00:00,1364.348880139097
2025-03-31 16:00:00+00:00,1364.348880139097
2025-03-31 17:00:00+00:00,1364.348880139097
2025-03-31 18:00:00+00:00,1364.348880139097
2025-03-31 19:00:00+00:00,1364.348880139097
2025-04-01 13:00:00+00:00,1364.348880139097
2025-04-01 14:00:00+00:00,1364.348880139097
2025-04-01 15:00:00+00:00,1364.348880139097
2025-04-01 16:00:00+00:00,1364.348880139097
2025-04-01 17:00:00+00:00,1364.348880139097
2025-04-01 18:00:00+00:00,1364.348880139097
2025-04-01 19:00:00+00:00,1364.348880139097
2025-04-02 13:00:00+00:00,1364.348880139097
2025-04-02 14:00:00+00:00,1364.348880139097
2025-04-02 15:00:00+00:00,1364.348880139097
2025-04-02 16:00:00+00:00,1364.348880139097
2025-04-02 17:00:00+00:00,1364.348880139097
2025-04-02 18:00:00+00:00,1364.348880139097
2025-04-02 19:00:00+00:00,1364.348880139097
2025-04-03 13:00:00+00:00,1364.348880139097
2025-04-03 14:00:00+00:00,1364.348880139097
2025-04-03 15:00:00+00:00,1364.348880139097
2025-04-03 16:00:00+00:00,1364.348880139097
2025-04-03 17:00:00+00:00,1364.348880139097
2025-04-03 18:00:00+00:00,1364.348880139097
2025-04-03 19:00:00+00:00,1364.348880139097
2025-04-04 13:00:00+00:00,1364.348880139097
2025-04-04 14:00:00+00:00,1364.348880139097
2025-04-04 15:00:00+00:00,1364.348880139097
2025-04-04 16:00:00+00:00,1364.348880139097
2025-04-04 17:00:00+00:00,1364.348880139097
2025-04-04 18:00:00+00:00,1364.348880139097
2025-04-04 19:00:00+00:00,1364.348880139097
2025-04-07 13:00:00+00:00,1364.348880139097
2025-04-07 14:00:00+00:00,1364.348880139097
2025-04-07 15:00:00+00:00,1364.348880139097
2025-04-07 16:00:00+00:00,1364.348880139097
2025-04-07 17:00:00+00:00,1364.348880139097
2025-04-07 18:00:00+00:00,1364.348880139097
2025-04-07 19:00:00+00:00,1364.348880139097
2025-04-08 13:00:00+00:00,1364.348880139097
2025-04-08 14:00:00+00:00,1364.348880139097
2025-04-08 15:00:00+00:00,1364.348880139097
2025-04-08 16:00:00+00:00,1364.348880139097
2025-04-08 17:00:00+00:00,1364.348880139097
2025-04-08 18:00:00+00:00,1364.348880139097
2025-04-08 19:00:00+00:00,1364.348880139097
2025-04-09 13:00:00+00:00,1364.348880139097
2025-04-09 14:00:00+00:00,1262.2537593367522
2025-04-09 15:00:00+00:00,1217.8041519012481
2025-04-09 16:00:00+00:00,1341.2596131389448
2025-04-09 17:00:00+00:00,1484.772615196543
2025-04-09 18:00:00+00:00,1430.9459590522647
2025-04-09 19:00:00+00:00,1444.401592804505
2025-04-10 13:00:00+00:00,1345.6474942276986
2025-04-10 14:00:00+00:00,1276.994041208252
2025-04-10 15:00:00+00:00,1161.5404515876053
2025-04-10 16:00:00+00:00,1201.5609997584427
2025-04-10 17:00:00+00:00,1246.3459384710927
2025-04-10 18:00:00+00:00,1238.5372753842364
2025-04-10 19:00:00+00:00,1272.9843806223914
2025-04-11 13:00:00+00:00,1253.857603179801
2025-04-11 14:00:00+00:00,1241.7794930530358
2025-04-11 15:00:00+00:00,1271.0105025011005
2025-04-11 16:00:00+00:00,1271.0105025011005
2025-04-11 17:00:00+00:00,1271.0105025011005
2025-04-11 18:00:00+00:00,1271.0105025011005
2025-04-11 19:00:00+00:00,1271.0105025011005
2025-04-14 13:00:00+00:00,1271.0105025011005
2025-04-14 14:00:00+00:00,1271.0105025011005
2025-04-14 15:00:00+00:00,1271.0105025011005
2025-04-14 16:00:00+00:00,1271.0105025011005
2025-04-14 17:00:00+00:00,1271.0105025011005
2025-04-14 18:00:00+00:00,1271.0105025011005
2025-04-14 19:00:00+00:00,1271.0105025011005
2025-04-15 13:00:00+00:00,1271.0105025011005
2025-04-15 14:00:00+00:00,1271.0105025011005
2025-04-15 15:00:00+00:00,1271.0105025011005
2025-04-15 16:00:00+00:00,1271.0105025011005
2025-04-15 17:00:00+00:00,1271.0105025011005
2025-04-15 18:00:00+00:00,1271.0105025011005
2025-04-15 19:00:00+00:00,1271.0105025011005
2025-04-16 13:00:00+00:00,1271.0105025011005
2025-04-16 14:00:00+00:00,1271.0105025011005
2025-04-16 15:00:00+00:00,1271.0105025011005
2025-04-16 16:00:00+00:00,1271.0105025011005
2025-04-16 17:00:00+00:00,1271.0105025011005
2025-04-16 18:00:00+00:00,1271.0105025011005
2025-04-16 19:00:00+00:00,1271.0105025011005
2025-04-17 13:00:00+00:00,1271.0105025011005
2025-04-17 14:00:00+00:00,1271.0105025011005
2025-04-17 15:00:00+00:00,1271.0105025011005
2025-04-17 16:00:00+00:00,1271.0105025011005
2025-04-17 17:00:00+00:00,1271.0105025011005
2025-04-17 18:00:00+00:00,1271.0105025011005
2025-04-17 19:00:00+00:00,1271.0105025011005
2025-04-21 13:00:00+00:00,1271.0105025011005
2025-04-21 14:00:00+00:00,1271.0105025011005
2025-04-21 15:00:00+00:00,1271.0105025011005
2025-04-21 16:00:00+00:00,1271.0105025011005
2025-04-21 17:00:00+00:00,1271.0105025011005
2025-04-21 18:00:00+00:00,1271.0105025011005
2025-04-21 19:00:00+00:00,1271.0105025011005
2025-04-22 13:00:00+00:00,1271.0105025011005
2025-04-22 14:00:00+00:00,1271.0105025011005
2025-04-22 15:00:00+00:00,1271.0105025011005
2025-04-22 16:00:00+00:00,1271.0105025011005
2025-04-22 17:00:00+00:00,1271.0105025011005
2025-04-22 18:00:00+00:00,1271.0105025011005
2025-04-22 19:00:00+00:00,1271.0105025011005
2025-04-23 13:00:00+00:00,1271.0105025011005
2025-04-23 14:00:00+00:00,1271.0105025011005
2025-04-23 15:00:00+00:00,1271.0105025011005
2025-04-23 16:00:00+00:00,1271.0105025011005
2025-04-23 17:00:00+00:00,1271.0105025011005
2025-04-23 18:00:00+00:00,1271.0105025011005
2025-04-23 19:00:00+00:00,1271.0105025011005
2025-04-24 13:00:00+00:00,1271.0105025011005
2025-04-24 14:00:00+00:00,1271.0105025011005
2025-04-24 15:00:00+00:00,1271.0105025011005
2025-04-24 16:00:00+00:00,1271.0105025011005
2025-04-24 17:00:00+00:00,1271.0105025011005
2025-04-24 18:00:00+00:00,1271.0105025011005
2025-04-24 19:00:00+00:00,1271.0105025011005
2025-04-25 13:00:00+00:00,1271.0105025011005
2025-04-25 14:00:00+00:00,1271.0105025011005
2025-04-25 15:00:00+00:00,1271.0105025011005
2025-04-25 16:00:00+00:00,1271.0105025011005
2025-04-25 17:00:00+00:00,1271.0105025011005
2025-04-25 18:00:00+00:00,1271.0105025011005
2025-04-25 19:00:00+00:00,1271.0105025011005
2025-04-28 13:00:00+00:00,1271.0105025011005
2025-04-28 14:00:00+00:00,1271.0105025011005
2025-04-28 15:00:00+00:00,1271.0105025011005
2025-04-28 16:00:00+00:00,1271.0105025011005
2025-04-28 17:00:00+00:00,1271.0105025011005
2025-04-28 18:00:00+00:00,1271.0105025011005
2025-04-28 19:00:00+00:00,1271.0105025011005
2025-04-29 13:00:00+00:00,1271.0105025011005
2025-04-29 14:00:00+00:00,1271.0105025011005
2025-04-29 15:00:00+00:00,1271.0105025011005
2025-04-29 16:00:00+00:00,1271.0105025011005
2025-04-29 17:00:00+00:00,1271.0105025011005
2025-04-29 18:00:00+00:00,1271.0105025011005
2025-04-29 19:00:00+00:00,1271.0105025011005
2025-04-30 13:00:00+00:00,1271.0105025011005
2025-04-30 14:00:00+00:00,1271.0105025011005
2025-04-30 15:00:00+00:00,1271.0105025011005
2025-04-30 16:00:00+00:00,1271.0105025011005
2025-04-30 17:00:00+00:00,1271.0105025011005
2025-04-30 18:00:00+00:00,1271.0105025011005
2025-04-30 19:00:00+00:00,1271.0105025011005
2025-05-01 13:00:00+00:00,1271.0105025011005
2025-05-01 14:00:00+00:00,1271.0105025011005
2025-05-01 15:00:00+00:00,1271.0105025011005
2025-05-01 16:00:00+00:00,1271.0105025011005
2025-05-01 17:00:00+00:00,1271.0105025011005
2025-05-01 18:00:00+00:00,1271.0105025011005
2025-05-01 19:00:00+00:00,1271.0105025011005
2025-05-02 13:00:00+00:00,1271.0105025011005
2025-05-02 14:00:00+00:00,1271.0105025011005
2025-05-02 15:00:00+00:00,1271.0105025011005
2025-05-02 16:00:00+00:00,1271.0105025011005
2025-05-02 17:00:00+00:00,1271.0105025011005
2025-05-02 18:00:00+00:00,1271.0105025011005
2025-05-02 19:00:00+00:00,1271.0105025011005
2025-05-05 13:00:00+00:00,1271.0105025011005
2025-05-05 14:00:00+00:00,1271.0105025011005
2025-05-05 15:00:00+00:00,1271.0105025011005
2025-05-05 16:00:00+00:00,1271.0105025011005
2025-05-05 17:00:00+00:00,1271.0105025011005
2025-05-05 18:00:00+00:00,1271.0105025011005
2025-05-05 19:00:00+00:00,1271.0105025011005
2025-05-06 13:00:00+00:00,1271.0105025011005
2025-05-06 14:00:00+00:00,1271.0105025011005
2025-05-06 15:00:00+00:00,1271.0105025011005
2025-05-06 16:00:00+00:00,1271.0105025011005
2025-05-06 17:00:00+00:00,1271.0105025011005
2025-05-06 18:00:00+00:00,1271.0105025011005
2025-05-06 19:00:00+00:00,1271.0105025011005
2025-05-07 13:00:00+00:00,1271.0105025011005
2025-05-07 14:00:00+00:00,1271.0105025011005
2025-05-07 15:00:00+00:00,1271.0105025011005
2025-05-07 16:00:00+00:00,1271.0105025011005
2025-05-07 17:00:00+00:00,1271.0105025011005
2025-05-07 18:00:00+00:00,1271.0105025011005
2025-05-07 19:00:00+00:00,1271.0105025011005
2025-05-08 13:00:00+00:00,1271.0105025011005
2025-05-08 14:00:00+00:00,1271.0105025011005
2025-05-08 15:00:00+00:00,1271.0105025011005
2025-05-08 16:00:00+00:00,1271.0105025011005
2025-05-08 17:00:00+00:00,1271.0105025011005
2025-05-08 18:00:00+00:00,1271.0105025011005
2025-05-08 19:00:00+00:00,1271.0105025011005
2025-05-09 13:00:00+00:00,1271.0105025011005
2025-05-09 14:00:00+00:00,1271.0105025011005
2025-05-09 15:00:00+00:00,1271.0105025011005
2025-05-09 16:00:00+00:00,1271.0105025011005
2025-05-09 17:00:00+00:00,1271.0105025011005
2025-05-09 18:00:00+00:00,1271.0105025011005
2025-05-09 19:00:00+00:00,1271.0105025011005
2025-05-12 13:00:00+00:00,1271.0105025011005
2025-05-12 14:00:00+00:00,1271.0105025011005
2025-05-12 15:00:00+00:00,1271.0105025011005
2025-05-12 16:00:00+00:00,1271.0105025011005
2025-05-12 17:00:00+00:00,1271.0105025011005
2025-05-12 18:00:00+00:00,1271.0105025011005
2025-05-12 19:00:00+00:00,1271.0105025011005
2025-05-13 13:00:00+00:00,1280.8943342215662
2025-05-13 14:00:00+00:00,1267.0955268088742
2025-05-13 15:00:00+00:00,1259.2969953873587
2025-05-13 16:00:00+00:00,1249.0357198358417
2025-05-13 17:00:00+00:00,1309.705882609186
2025-05-13 18:00:00+00:00,1326.3620284161336
2025-05-13 19:00:00+00:00,1362.9056826883311
2025-05-14 13:00:00+00:00,1278.4360353205436
2025-05-14 14:00:00+00:00,1265.8338514324075
2025-05-14 15:00:00+00:00,1278.6867974864933
2025-05-14 16:00:00+00:00,1294.4451397385003
2025-05-14 17:00:00+00:00,1257.9971282007027
2025-05-14 18:00:00+00:00,1238.2404204609452
2025-05-14 19:00:00+00:00,1215.5929735248167
2025-05-15 13:00:00+00:00,1228.881704967108
2025-05-15 14:00:00+00:00,1201.8076259226464
2025-05-15 15:00:00+00:00,1194.0866089936562
2025-05-15 16:00:00+00:00,1156.8963207147663
2025-05-15 17:00:00+00:00,1168.5147739483837
2025-05-15 18:00:00+00:00,1192.9847165151482
2025-05-15 19:00:00+00:00,1166.070796883767
2025-05-16 13:00:00+00:00,1068.4111869664162
2025-05-16 14:00:00+00:00,1107.1676368897452
2025-05-16 15:00:00+00:00,1092.2447867511867
2025-05-16 16:00:00+00:00,1148.0499360779506
2025-05-16 17:00:00+00:00,1176.9509920472622
2025-05-16 18:00:00+00:00,1170.2226216689971
2025-05-16 19:00:00+00:00,1169.2364117904679
2025-05-19 13:00:00+00:00,1143.76820169871
2025-05-19 14:00:00+00:00,1171.2931910409134
2025-05-19 15:00:00+00:00,1186.9896272098429
2025-05-19 16:00:00+00:00,1163.1845575307514
2025-05-19 17:00:00+00:00,1214.4002997755563
2025-05-19 18:00:00+00:00,1236.41268917907
2025-05-19 19:00:00+00:00,1199.189070553639
2025-05-20 13:00:00+00:00,1230.2811398387416
2025-05-20 14:00:00+00:00,1226.0470003201242
2025-05-20 15:00:00+00:00,1184.501327463208
2025-05-20 16:00:00+00:00,1168.915342699511
2025-05-20 17:00:00+00:00,1178.1445569280029
2025-05-20 18:00:00+00:00,1184.1383318783335
2025-05-20 19:00:00+00:00,1161.4221419690728
2025-05-21 13:00:00+00:00,1156.7129339238436
2025-05-21 14:00:00+00:00,1140.2669527894652
2025-05-21 15:00:00+00:00,1117.8603496553944
2025-05-21 16:00:00+00:00,1055.6157988213338
2025-05-21 17:00:00+00:00,1076.3133180082807
2025-05-21 18:00:00+00:00,1095.8594913443694
2025-05-21 19:00:00+00:00,1057.057228574112
2025-05-22 13:00:00+00:00,1040.6418967795619
2025-05-22 14:00:00+00:00,1046.1116073136159
2025-05-22 15:00:00+00:00,1036.4173742809623
2025-05-22 16:00:00+00:00,1054.3010057998993
2025-05-22 17:00:00+00:00,1026.7872015218231
2025-05-22 18:00:00+00:00,989.4373693885437
2025-05-22 19:00:00+00:00,1016.7946954448735
2025-05-23 13:00:00+00:00,1089.433292566452
2025-05-23 14:00:00+00:00,1141.2532561292064
2025-05-23 15:00:00+00:00,1211.136495210405
2025-05-23 16:00:00+00:00,1210.2113835655282
2025-05-23 17:00:00+00:00,1214.3861682666195
2025-05-23 18:00:00+00:00,1232.747380980152
2025-05-23 19:00:00+00:00,1266.132778636083
2025-05-27 13:00:00+00:00,1159.2138414456235
2025-05-27 14:00:00+00:00,1122.3609315317703
2025-05-27 15:00:00+00:00,1130.244027608352
2025-05-27 16:00:00+00:00,1120.7324574994734
2025-05-27 17:00:00+00:00,1122.0893225971847
2025-05-27 18:00:00+00:00,1121.9633230589225
2025-05-27 19:00:00+00:00,1125.1436782492294
2025-05-28 13:00:00+00:00,1017.9304884470257
2025-05-28 14:00:00+00:00,1000.2457681493051
2025-05-28 15:00:00+00:00,1003.3082750463793
2025-05-28 16:00:00+00:00,1088.238235762341
2025-05-28 17:00:00+00:00,1109.6463923450867
2025-05-28 18:00:00+00:00,1085.1873818373797
2025-05-28 19:00:00+00:00,1061.7296377305104
2025-05-29 13:00:00+00:00,1139.6406762583024
2025-05-29 14:00:00+00:00,1124.3030242746272
2025-05-29 15:00:00+00:00,1123.2327413517532
2025-05-29 16:00:00+00:00,1107.6810383424965
2025-05-29 17:00:00+00:00,1125.6508075255506
2025-05-29 18:00:00+00:00,1116.8252497975977
2025-05-29 19:00:00+00:00,1104.0571697424489
2025-05-30 13:00:00+00:00,1016.6276172309334
2025-05-30 14:00:00+00:00,1027.423262634192
2025-05-30 15:00:00+00:00,1010.5843469186764
2025-05-30 16:00:00+00:00,995.2001968184891
2025-05-30 17:00:00+00:00,951.0260055441845
2025-05-30 18:00:00+00:00,922.3471369506531
2025-05-30 19:00:00+00:00,925.6500346366296
2025-06-02 13:00:00+00:00,1040.567401083275
2025-06-02 14:00:00+00:00,951.9780941454612
2025-06-02 15:00:00+00:00,951.5659604805735
2025-06-02 16:00:00+00:00,950.575187336405
2025-06-02 17:00:00+00:00,954.1501942444429
2025-06-02 18:00:00+00:00,939.0142734626472
2025-06-02 19:00:00+00:00,946.178322244326
2025-06-03 13:00:00+00:00,886.432474900404
2025-06-03 14:00:00+00:00,893.4527235123155
2025-06-03 15:00:00+00:00,873.5734732768876
2025-06-03 16:00:00+00:00,863.404460612311
2025-06-03 17:00:00+00:00,882.1369271405395
2025-06-03 18:00:00+00:00,920.0678331039695
2025-06-03 19:00:00+00:00,925.8330070119626
2025-06-04 13:00:00+00:00,995.168622465289
2025-06-04 14:00:00+00:00,972.2856191091566
2025-06-04 15:00:00+00:00,949.8760426947098
2025-06-04 16:00:00+00:00,940.5511603986514
2025-06-04 17:00:00+00:00,984.3843862748972
2025-06-04 18:00:00+00:00,1007.6276710275203
2025-06-04 19:00:00+00:00,1013.7288635639857
2025-06-05 13:00:00+00:00,1107.6470607548708
2025-06-05 14:00:00+00:00,1082.3690288313492
2025-06-05 15:00:00+00:00,1114.23029492954
2025-06-05 16:00:00+00:00,1071.7261409882262
2025-06-05 17:00:00+00:00,1106.5338314118028
2025-06-05 18:00:00+00:00,1072.0434458550626
2025-06-05 19:00:00+00:00,1047.752429766762
2025-06-06 13:00:00+00:00,1366.1101381487063
2025-06-06 14:00:00+00:00,1255.330097268017
2025-06-06 15:00:00+00:00,1252.454634650463
2025-06-06 16:00:00+00:00,1226.8604934076693
2025-06-06 17:00:00+00:00,1269.279212995143
2025-06-06 18:00:00+00:00,1298.104537431987
2025-06-06 19:00:00+00:00,1280.1325232921981
2025-06-09 13:00:00+00:00,1304.80590106419
2025-06-09 14:00:00+00:00,1319.5472920078757
2025-06-09 15:00:00+00:00,1292.9245464846495
2025-06-09 16:00:00+00:00,1322.5132799338985
2025-06-09 17:00:00+00:00,1350.7447269546735
2025-06-09 18:00:00+00:00,1335.232075204693
2025-06-09 19:00:00+00:00,1386.6465918962622
2025-06-10 13:00:00+00:00,1565.3177548687415
2025-06-10 14:00:00+00:00,1608.5672577216667
2025-06-10 15:00:00+00:00,1536.3902670461468
2025-06-10 16:00:00+00:00,1568.2429254941433
2025-06-10 17:00:00+00:00,1548.0578292541807
2025-06-10 18:00:00+00:00,1535.8319540571013
2025-06-10 19:00:00+00:00,1551.1159730823506
2025-06-11 13:00:00+00:00,1567.0011796064512
2025-06-11 14:00:00+00:00,1532.788920243636
2025-06-11 15:00:00+00:00,1498.0577206744977
2025-06-11 16:00:00+00:00,1498.4323543366543
2025-06-11 17:00:00+00:00,1539.44874200785
2025-06-11 18:00:00+00:00,1529.471258571318
2025-06-11 19:00:00+00:00,1553.402342683502
2025-06-12 13:00:00+00:00,1543.0422538040345
2025-06-12 14:00:00+00:00,1551.8273946248387
2025-06-12 15:00:00+00:00,1557.6995182109795
2025-06-12 16:00:00+00:00,1534.0166747888552
2025-06-12 17:00:00+00:00,1554.6564992923445
2025-06-12 18:00:00+00:00,1550.5567642461504
2025-06-12 19:00:00+00:00,1557.7762478597194
2025-06-13 13:00:00+00:00,1489.98384889865
2025-06-13 14:00:00+00:00,1491.5664750096141
2025-06-13 15:00:00+00:00,1460.6437898012912
2025-06-13 16:00:00+00:00,1490.819319259594
2025-06-13 17:00:00+00:00,1491.42568508736
2025-06-13 18:00:00+00:00,1498.1493008556185
2025-06-13 19:00:00+00:00,1513.6862704964426
2025-06-16 13:00:00+00:00,1513.6972212326723
2025-06-16 14:00:00+00:00,1479.2444823830035
2025-06-16 15:00:00+00:00,1440.912072785807
2025-06-16 16:00:00+00:00,1469.7179241390427
2025-06-16 17:00:00+00:00,1488.8747472321054
2025-06-16 18:00:00+00:00,1486.2835164782916
2025-06-16 19:00:00+00:00,1465.834206561314
2025-06-17 13:00:00+00:00,1448.303865986799
2025-06-17 14:00:00+00:00,1366.339284294162
2025-06-17 15:00:00+00:00,1389.1053189857225
2025-06-17 16:00:00+00:00,1401.1512258369062
2025-06-17 17:00:00+00:00,1451.4573896750348
2025-06-17 18:00:00+00:00,1427.942540672317
2025-06-17 19:00:00+00:00,1428.9057371425888
2025-06-18 13:00:00+00:00,1455.642951111587
2025-06-18 14:00:00+00:00,1432.4577693710864
2025-06-18 15:00:00+00:00,1432.7097982372716
2025-06-18 16:00:00+00:00,1418.7367244780114
2025-06-18 17:00:00+00:00,1405.5754523801647
2025-06-18 18:00:00+00:00,1385.6730818828391
2025-06-18 19:00:00+00:00,1366.8599756501228
2025-06-20 13:00:00+00:00,1289.8862468424363
2025-06-20 14:00:00+00:00,1247.517128278018
2025-06-20 15:00:00+00:00,1309.7919289311476
2025-06-20 16:00:00+00:00,1292.4134155611557
2025-06-20 17:00:00+00:00,1250.2850812194743
2025-06-20 18:00:00+00:00,1254.604930213772
2025-06-20 19:00:00+00:00,1266.9377401941697
2025-06-23 13:00:00+00:00,1178.245835144291
2025-06-23 14:00:00+00:00,1164.2000785664925
2025-06-23 15:00:00+00:00,1209.930090844217
2025-06-23 16:00:00+00:00,1165.4774239556116
2025-06-23 17:00:00+00:00,1172.5189600312801
2025-06-23 18:00:00+00:00,1189.9663680436856
2025-06-23 19:00:00+00:00,1201.771674852056
2025-06-24 13:00:00+00:00,1067.7210560236394
2025-06-24 14:00:00+00:00,1106.5081938843628
2025-06-25 13:00:00+00:00,913.6770645423851
2025-06-25 14:00:00+00:00,898.863307018863
2025-06-25 15:00:00+00:00,942.9682874120521
2025-06-25 16:00:00+00:00,938.124860196306
2025-06-25 17:00:00+00:00,942.5820156726152
2025-06-25 18:00:00+00:00,972.6606204816509
2025-06-25 19:00:00+00:00,938.4726238868526
2025-06-26 13:00:00+00:00,1078.4474084562376
2025-06-26 14:00:00+00:00,1039.3271437269434
2025-06-26 15:00:00+00:00,1049.060886316771
2025-06-26 16:00:00+00:00,1082.051739108612
2025-06-26 17:00:00+00:00,1091.8274914744147
2025-06-26 18:00:00+00:00,1083.4779220722319
2025-06-26 19:00:00+00:00,1088.030842162563
2025-06-27 13:00:00+00:00,1110.7770244293304
2025-06-27 14:00:00+00:00,1186.1231887541921
2025-06-27 15:00:00+00:00,1200.0805627111395
2025-06-27 16:00:00+00:00,1195.4243115844215
2025-06-27 17:00:00+00:00,1229.5550565790306
2025-06-27 18:00:00+00:00,1200.2027740732763
2025-06-27 19:00:00+00:00,1190.6449678939728
2025-06-30 13:00:00+00:00,1121.0497357193913
2025-06-30 14:00:00+00:00,1096.1428155513695
2025-06-30 15:00:00+00:00,1078.970035397817
2025-06-30 16:00:00+00:00,1083.7066348150372
2025-06-30 17:00:00+00:00,1083.920987184491
2025-06-30 18:00:00+00:00,1072.2035950889876
2025-06-30 19:00:00+00:00,1060.6659573697943
2025-07-01 13:00:00+00:00,1137.6867246814343
2025-07-01 14:00:00+00:00,1318.9959127145198
2025-07-01 15:00:00+00:00,1418.8837911136332
2025-07-01 16:00:00+00:00,1321.3962977482884
2025-07-01 17:00:00+00:00,1360.7266385833534
2025-07-01 18:00:00+00:00,1370.8570064245862
2025-07-01 19:00:00+00:00,1370.8726764372386
2025-07-02 13:00:00+00:00,1434.266766034477
2025-07-02 14:00:00+00:00,1597.363836009674
2025-07-02 15:00:00+00:00,1592.577513689776
2025-07-02 16:00:00+00:00,1693.2123929532297
2025-07-02 17:00:00+00:00,1626.7438479361256
2025-07-02 18:00:00+00:00,1645.6275079989584
2025-07-02 19:00:00+00:00,1636.7088338462877
2025-07-03 13:00:00+00:00,1548.8433489929569
2025-07-03 14:00:00+00:00,1510.7062567999312
2025-07-03 15:00:00+00:00,1531.8116328796311
2025-07-07 13:00:00+00:00,1511.2183438977074
2025-07-07 14:00:00+00:00,1497.066498983579
2025-07-07 15:00:00+00:00,1496.9897070345373
2025-07-07 16:00:00+00:00,1466.6516913661458
2025-07-07 17:00:00+00:00,1463.081032501029
2025-07-07 18:00:00+00:00,1469.2897198187613
2025-07-07 19:00:00+00:00,1423.5098776535667
2025-07-08 13:00:00+00:00,1546.0417142638223
2025-07-08 14:00:00+00:00,1585.4019756771565
2025-07-08 15:00:00+00:00,1566.7015401664762
2025-07-08 16:00:00+00:00,1593.9017914132714
2025-07-08 17:00:00+00:00,1584.3282961192592
2025-07-08 18:00:00+00:00,1516.597102376635
2025-07-08 19:00:00+00:00,1498.8404903222367
2025-07-09 13:00:00+00:00,1494.2684282818302
2025-07-09 14:00:00+00:00,1421.1173284413396
2025-07-09 15:00:00+00:00,1414.1551317947976
2025-07-09 16:00:00+00:00,1437.0623979189477
2025-07-09 17:00:00+00:00,1411.8539982073048
2025-07-09 18:00:00+00:00,1413.0085871311694
2025-07-09 19:00:00+00:00,1440.2352641312912
2025-07-10 13:00:00+00:00,1794.733753933044
2025-07-10 14:00:00+00:00,1824.3960610830447
2025-07-10 15:00:00+00:00,1729.7823869887475
2025-07-10 16:00:00+00:00,1657.3193247361728
2025-07-10 17:00:00+00:00,1655.5795528516526
2025-07-10 18:00:00+00:00,1648.1582589038749
2025-07-10 19:00:00+00:00,1652.1622165095644
2025-07-11 13:00:00+00:00,1674.0404402349566
2025-07-11 14:00:00+00:00,1695.2233756228247
2025-07-11 15:00:00+00:00,1686.2932002984746
2025-07-11 16:00:00+00:00,1731.52251979646
2025-07-11 17:00:00+00:00,1765.1903952124003
2025-07-11 18:00:00+00:00,1766.0046322285489
2025-07-11 19:00:00+00:00,1763.1643276020857
2025-07-14 13:00:00+00:00,1662.3467624123414
2025-07-14 14:00:00+00:00,1630.5148856802673
2025-07-14 15:00:00+00:00,1653.7452237232944
2025-07-14 16:00:00+00:00,1665.0350736344321
2025-07-14 17:00:00+00:00,1648.5760078809885
2025-07-14 18:00:00+00:00,1687.8457288287204
2025-07-14 19:00:00+00:00,1698.8558335862244
2025-07-15 13:00:00+00:00,1603.880186848044
2025-07-15 14:00:00+00:00,1578.587329466127
2025-07-15 15:00:00+00:00,1525.4896140783217
2025-07-15 16:00:00+00:00,1553.2776195997453
2025-07-15 17:00:00+00:00,1560.8146944555408
2025-07-15 18:00:00+00:00,1554.3846662090177
2025-07-15 19:00:00+00:00,1570.3604244392366
2025-07-16 13:00:00+00:00,1620.257326832406
2025-07-16 14:00:00+00:00,1620.4786677611953
2025-07-16 15:00:00+00:00,1620.0659194839823
2025-07-16 16:00:00+00:00,1620.0733163719833
2025-07-16 17:00:00+00:00,1575.8042516151352
2025-07-16 18:00:00+00:00,1601.3413800520416
2025-07-16 19:00:00+00:00,1571.8283930300902
2025-07-17 13:00:00+00:00,1645.732549186235
2025-07-17 14:00:00+00:00,1572.8149726397182
2025-07-17 15:00:00+00:00,1584.1225730819742
2025-07-17 16:00:00+00:00,1626.9506759940305
2025-07-17 17:00:00+00:00,1652.9346827933089
2025-07-17 18:00:00+00:00,1671.6446424188307
2025-07-17 19:00:00+00:00,1714.216806408954
2025-07-18 13:00:00+00:00,1614.0103454353666
2025-07-18 14:00:00+00:00,1627.5584877370145
2025-07-18 15:00:00+00:00,1574.5102176107498
2025-07-18 16:00:00+00:00,1528.9504602305637
2025-07-18 17:00:00+00:00,1517.099656813966
2025-07-18 18:00:00+00:00,1561.4180361448266
2025-07-18 19:00:00+00:00,1551.7423816722903
2025-07-21 13:00:00+00:00,1754.9451059122391
2025-07-21 14:00:00+00:00,1834.8129090792665
2025-07-21 15:00:00+00:00,1816.1112374732256
2025-07-21 16:00:00+00:00,1787.272567563744
2025-07-21 17:00:00+00:00,1750.7704579855997
2025-07-21 18:00:00+00:00,1753.0424138490318
2025-07-21 19:00:00+00:00,1771.5094269505723
2025-07-22 13:00:00+00:00,1830.3385882718007
2025-07-22 14:00:00+00:00,1860.4605810113692
2025-07-22 15:00:00+00:00,1855.7046286285824
2025-07-22 16:00:00+00:00,1834.1855991786897
2025-07-22 17:00:00+00:00,1871.3901977336686
2025-07-22 18:00:00+00:00,1878.1415131329638
2025-07-22 19:00:00+00:00,1870.7019602557825
2025-07-23 13:00:00+00:00,1889.321421536432
2025-07-23 14:00:00+00:00,1880.9398377731131
2025-07-23 15:00:00+00:00,1881.8559353318612
2025-07-23 16:00:00+00:00,1881.8957294453462
2025-07-23 17:00:00+00:00,1871.7973556545246
2025-07-23 18:00:00+00:00,1883.585384993353
2025-07-23 19:00:00+00:00,1861.0453258536982
2025-07-24 13:00:00+00:00,1858.0676226552614
2025-07-24 14:00:00+00:00,1808.5429721930616
2025-07-24 15:00:00+00:00,1804.18727804536
2025-07-24 16:00:00+00:00,1780.061364616565
2025-07-24 17:00:00+00:00,1785.2223057037895
2025-07-24 18:00:00+00:00,1781.2849402728054
2025-07-24 19:00:00+00:00,1794.9854367708667
2025-07-25 13:00:00+00:00,1764.2192567510097
2025-07-25 14:00:00+00:00,1764.9688701036857
2025-07-25 15:00:00+00:00,1787.6513048124784
2025-07-25 16:00:00+00:00,1765.6800674974331
2025-07-25 17:00:00+00:00,1755.6457654829442
2025-07-25 18:00:00+00:00,1754.7924605511073
2025-07-25 19:00:00+00:00,1765.8368619578828
2025-07-28 13:00:00+00:00,1684.5353719544419
2025-07-28 14:00:00+00:00,1699.5781537437972
2025-07-28 15:00:00+00:00,1712.4008499788133
2025-07-28 16:00:00+00:00,1701.9004126874286
2025-07-28 17:00:00+00:00,1695.7939889562174
2025-07-28 18:00:00+00:00,1708.0662403901847
2025-07-28 19:00:00+00:00,1720.2184163656116
2025-07-29 13:00:00+00:00,1713.9102534528631
2025-07-29 14:00:00+00:00,1696.1644129803337
2025-07-29 15:00:00+00:00,1713.9700805167527
2025-07-29 16:00:00+00:00,1702.831283842605
2025-07-29 17:00:00+00:00,1669.2055251874312
2025-07-29 18:00:00+00:00,1666.7969740138037
2025-07-29 19:00:00+00:00,1665.925602312146
2025-07-30 13:00:00+00:00,1599.2999884574378
2025-07-30 14:00:00+00:00,1548.1327181251206
2025-07-30 15:00:00+00:00,1537.605885816437
2025-07-30 16:00:00+00:00,1543.79587269443
2025-07-30 17:00:00+00:00,1528.859175849392
2025-07-30 18:00:00+00:00,1582.4488563798513
2025-07-30 19:00:00+00:00,1564.4045975398487
2025-07-31 13:00:00+00:00,1533.2252758089442
2025-07-31 14:00:00+00:00,1516.5038589662872
2025-07-31 15:00:00+00:00,1563.434019076406
2025-07-31 16:00:00+00:00,1585.3163770062858
2025-07-31 17:00:00+00:00,1573.3161909120697
2025-07-31 18:00:00+00:00,1558.9382634612437
2025-07-31 19:00:00+00:00,1533.6453911844978
2025-08-01 13:00:00+00:00,1647.9123774379016
2025-08-01 14:00:00+00:00,1667.439184675176
2025-08-01 15:00:00+00:00,1643.194180508559
2025-08-01 16:00:00+00:00,1599.669134089852
2025-08-01 17:00:00+00:00,1597.5953298795196
2025-08-01 18:00:00+00:00,1600.04185889375
2025-08-01 19:00:00+00:00,1595.9433508282432
2025-08-04 13:00:00+00:00,1597.7733485700915
2025-08-04 14:00:00+00:00,1633.0714337040663
2025-08-04 15:00:00+00:00,1597.9388523807854
2025-08-04 16:00:00+00:00,1594.369848684796
2025-08-04 17:00:00+00:00,1615.8951667182605
2025-08-04 18:00:00+00:00,1602.128294083426
2025-08-04 19:00:00+00:00,1588.977852344589
2025-08-05 13:00:00+00:00,1616.640299838086
2025-08-05 14:00:00+00:00,1626.9187974740157
2025-08-05 15:00:00+00:00,1548.7908414939066
2025-08-05 16:00:00+00:00,1506.9718846735047
2025-08-05 17:00:00+00:00,1480.6435861211025
2025-08-05 18:00:00+00:00,1459.0209552892804
2025-08-05 19:00:00+00:00,1613.5053342712142
2025-08-06 13:00:00+00:00,1818.2838008956696
2025-08-06 14:00:00+00:00,1821.5793937836065
2025-08-06 15:00:00+00:00,1740.219970053138
2025-08-06 16:00:00+00:00,1781.6057469273442
2025-08-06 17:00:00+00:00,1780.6966415822458
2025-08-06 18:00:00+00:00,1776.3924923902616
2025-08-06 19:00:00+00:00,1804.2384052410634
2025-08-07 13:00:00+00:00,1734.5617607181252
2025-08-07 14:00:00+00:00,1732.7424042609496
2025-08-07 15:00:00+00:00,1842.7038801309907
2025-08-07 16:00:00+00:00,1839.256386059795
2025-08-07 17:00:00+00:00,1820.814563431435
2025-08-07 18:00:00+00:00,1828.2501913580375
2025-08-07 19:00:00+00:00,1821.5331428183524
2025-08-08 13:00:00+00:00,1881.179848277587
2025-08-08 14:00:00+00:00,1963.2478883465926
2025-08-08 15:00:00+00:00,1921.6545908393937
2025-08-08 16:00:00+00:00,1924.0640767645095
2025-08-08 17:00:00+00:00,1919.6260246407096
2025-08-08 18:00:00+00:00,1901.2858003777126
2025-08-08 19:00:00+00:00,1877.2170786499837
2025-08-11 13:00:00+00:00,1876.1884892643814
2025-08-11 14:00:00+00:00,1908.660398457888
2025-08-11 15:00:00+00:00,1952.7961886680955
2025-08-11 16:00:00+00:00,1981.5939910454204
2025-08-11 17:00:00+00:00,1987.5501043938507
2025-08-11 18:00:00+00:00,1979.247011298175
2025-08-11 19:00:00+00:00,2013.7714681629338
2025-08-12 13:00:00+00:00,1930.6496037968009
2025-08-12 14:00:00+00:00,1939.5374382116424
2025-08-12 15:00:00+00:00,1944.2320427477187
2025-08-12 16:00:00+00:00,1919.9721229254785
2025-08-12 17:00:00+00:00,1939.827658888016
2025-08-12 18:00:00+00:00,1976.0110834945372
2025-08-12 19:00:00+00:00,1958.6979147010707
2025-08-13 13:00:00+00:00,1893.5364433637455
2025-08-13 14:00:00+00:00,1876.697196514697
2025-08-13 15:00:00+00:00,1877.8322923065311
2025-08-13 16:00:00+00:00,1877.393162014117
2025-08-13 17:00:00+00:00,1864.6172320578132
2025-08-13 18:00:00+00:00,1869.0514425130907
2025-08-13 19:00:00+00:00,1875.3514094963198
2025-08-14 13:00:00+00:00,1758.2334488657837
2025-08-14 14:00:00+00:00,1798.472778319915
2025-08-14 15:00:00+00:00,1787.6087061822293
2025-08-14 16:00:00+00:00,1749.5683701816238
2025-08-14 17:00:00+00:00,1772.672859176193
2025-08-14 18:00:00+00:00,1780.8534360426956
2025-08-14 19:00:00+00:00,1823.7885956176935
2025-08-15 13:00:00+00:00,1568.3488966665234
2025-08-15 14:00:00+00:00,1625.6550249226716
2025-08-15 15:00:00+00:00,1624.3855145398786
2025-08-15 16:00:00+00:00,1610.684064610034
2025-08-15 17:00:00+00:00,1635.5636584012802
2025-08-15 18:00:00+00:00,1633.8125348885212
2025-08-15 19:00:00+00:00,1656.9489620529573
2025-08-18 13:00:00+00:00,1690.5981336371467
2025-08-18 14:00:00+00:00,1648.5231309100202
2025-08-18 15:00:00+00:00,1687.8075519133622
2025-08-18 16:00:00+00:00,1663.8876826549651
2025-08-18 17:00:00+00:00,1647.3312115177866
2025-08-18 18:00:00+00:00,1646.8876981080475
2025-08-18 19:00:00+00:00,1681.7062672869347
2025-08-19 13:00:00+00:00,1665.8261815807764
2025-08-19 14:00:00+00:00,1642.3078159561449
2025-08-19 15:00:00+00:00,1702.7899363336965
2025-08-19 16:00:00+00:00,1686.0448975573822
2025-08-19 17:00:00+00:00,1680.2006519890097
2025-08-19 18:00:00+00:00,1690.277810095313
2025-08-19 19:00:00+00:00,1684.8032651923581
2025-08-20 13:00:00+00:00,1663.4673533098262
2025-08-20 14:00:00+00:00,1683.0067818458247
2025-08-20 15:00:00+00:00,1649.0513112439437
2025-08-20 16:00:00+00:00,1664.480924770687
2025-08-20 17:00:00+00:00,1677.2796927632285
2025-08-20 18:00:00+00:00,1667.4304339619207
2025-08-20 19:00:00+00:00,1710.8297198859352
2025-08-21 13:00:00+00:00,1659.2780036971485
2025-08-21 14:00:00+00:00,1705.7992781803293
2025-08-21 15:00:00+00:00,1732.9720635679505
2025-08-21 16:00:00+00:00,1732.9720635679505
2025-08-21 17:00:00+00:00,1732.9720635679505
2025-08-21 18:00:00+00:00,1732.9720635679505
2025-08-21 19:00:00+00:00,1732.9720635679505
2025-08-22 13:00:00+00:00,1732.9720635679505
2025-08-22 14:00:00+00:00,1732.9720635679505
2025-08-22 15:00:00+00:00,1732.9720635679505
2025-08-22 16:00:00+00:00,1732.9720635679505
2025-08-22 17:00:00+00:00,1732.9720635679505
2025-08-22 18:00:00+00:00,1732.9720635679505
2025-08-22 19:00:00+00:00,1732.9720635679505
2025-08-25 13:00:00+00:00,1732.9720635679505
2025-08-25 14:00:00+00:00,1732.9720635679505
2025-08-25 15:00:00+00:00,1732.9720635679505
2025-08-25 16:00:00+00:00,1732.9720635679505
2025-08-25 17:00:00+00:00,1732.9720635679505
2025-08-25 18:00:00+00:00,1732.9720635679505
2025-08-25 19:00:00+00:00,1732.9720635679505
2025-08-26 13:00:00+00:00,1732.9720635679505
2025-08-26 14:00:00+00:00,1732.9720635679505
2025-08-26 15:00:00+00:00,1732.9720635679505
2025-08-26 16:00:00+00:00,1732.9720635679505
2025-08-26 17:00:00+00:00,1732.9720635679505
2025-08-26 18:00:00+00:00,1732.9720635679505
2025-08-26 19:00:00+00:00,1732.9720635679505
2025-08-27 13:00:00+00:00,1732.9720635679505
2025-08-27 14:00:00+00:00,1732.9720635679505
2025-08-27 15:00:00+00:00,1732.9720635679505
2025-08-27 16:00:00+00:00,1732.9720635679505
2025-08-27 17:00:00+00:00,1732.9720635679505
2025-08-27 18:00:00+00:00,1732.9720635679505
2025-08-27 19:00:00+00:00,1732.9720635679505
2025-08-28 13:00:00+00:00,1732.9720635679505
2025-08-28 14:00:00+00:00,1732.9720635679505
2025-08-28 15:00:00+00:00,1732.9720635679505
2025-08-28 16:00:00+00:00,1732.9720635679505
2025-08-28 17:00:00+00:00,1732.9720635679505
2025-08-28 18:00:00+00:00,1732.9720635679505
2025-08-28 19:00:00+00:00,1732.9720635679505
2025-08-29 13:00:00+00:00,1732.9720635679505
2025-08-29 14:00:00+00:00,1732.9720635679505
2025-08-29 15:00:00+00:00,1732.9720635679505
2025-08-29 16:00:00+00:00,1732.9720635679505
2025-08-29 17:00:00+00:00,1732.9720635679505
2025-08-29 18:00:00+00:00,1732.9720635679505
2025-08-29 19:00:00+00:00,1732.9720635679505
2025-09-02 13:00:00+00:00,1732.9720635679505
2025-09-02 14:00:00+00:00,1732.9720635679505
2025-09-02 15:00:00+00:00,1732.9720635679505
2025-09-02 16:00:00+00:00,1732.9720635679505
2025-09-02 17:00:00+00:00,1732.9720635679505
2025-09-02 18:00:00+00:00,1732.9720635679505
2025-09-02 19:00:00+00:00,1732.9720635679505
2025-09-03 13:00:00+00:00,1732.9720635679505
2025-09-03 14:00:00+00:00,1732.9720635679505
2025-09-03 15:00:00+00:00,1732.9720635679505
2025-09-03 16:00:00+00:00,1732.9720635679505
2025-09-03 17:00:00+00:00,1732.9720635679505
2025-09-03 18:00:00+00:00,1732.9720635679505
2025-09-03 19:00:00+00:00,1732.9720635679505
2025-09-04 13:00:00+00:00,1732.9720635679505
2025-09-04 14:00:00+00:00,1732.9720635679505
2025-09-04 15:00:00+00:00,1732.9720635679505
2025-09-04 16:00:00+00:00,1732.9720635679505
2025-09-04 17:00:00+00:00,1732.9720635679505
2025-09-04 18:00:00+00:00,1732.9720635679505
2025-09-04 19:00:00+00:00,1732.9720635679505
2025-09-05 13:00:00+00:00,1732.9720635679505
2025-09-05 14:00:00+00:00,1732.9720635679505
2025-09-05 15:00:00+00:00,1732.9720635679505
2025-09-05 16:00:00+00:00,1732.9720635679505
2025-09-05 17:00:00+00:00,1732.9720635679505
2025-09-05 18:00:00+00:00,1732.9720635679505
2025-09-05 19:00:00+00:00,1732.9720635679505
2025-09-08 13:00:00+00:00,1732.9720635679505
2025-09-08 14:00:00+00:00,1732.9720635679505
2025-09-08 15:00:00+00:00,1732.9720635679505
2025-09-08 16:00:00+00:00,1732.9720635679505
2025-09-08 17:00:00+00:00,1732.9720635679505
2025-09-08 18:00:00+00:00,1732.9720635679505
2025-09-08 19:00:00+00:00,1732.9720635679505
2025-09-09 13:00:00+00:00,1732.9720635679505
2025-09-09 14:00:00+00:00,1732.9720635679505
2025-09-09 15:00:00+00:00,1732.9720635679505
2025-09-09 16:00:00+00:00,1732.9720635679505
2025-09-09 17:00:00+00:00,1732.9720635679505
2025-09-09 18:00:00+00:00,1732.9720635679505
2025-09-09 19:00:00+00:00,1732.9720635679505
2025-09-10 13:00:00+00:00,1732.9720635679505
2025-09-10 14:00:00+00:00,1732.9720635679505
2025-09-10 15:00:00+00:00,1732.9720635679505
2025-09-10 16:00:00+00:00,1732.9720635679505
2025-09-10 17:00:00+00:00,1732.9720635679505
2025-09-10 18:00:00+00:00,1732.9720635679505
2025-09-10 19:00:00+00:00,1732.9720635679505
2025-09-11 13:00:00+00:00,1732.9720635679505
2025-09-11 14:00:00+00:00,1732.9720635679505
2025-09-11 15:00:00+00:00,1732.9720635679505
2025-09-11 16:00:00+00:00,1732.9720635679505
2025-09-11 17:00:00+00:00,1732.9720635679505
2025-09-11 18:00:00+00:00,1732.9720635679505
2025-09-11 19:00:00+00:00,1732.9720635679505
2025-09-12 13:00:00+00:00,1732.9720635679505
2025-09-12 14:00:00+00:00,1732.9720635679505
2025-09-12 15:00:00+00:00,1732.9720635679505
2025-09-12 16:00:00+00:00,1732.9720635679505
2025-09-12 17:00:00+00:00,1732.9720635679505
2025-09-12 18:00:00+00:00,1732.9720635679505
2025-09-12 19:00:00+00:00,1732.9720635679505
2025-09-15 13:00:00+00:00,1732.9720635679505
2025-09-15 14:00:00+00:00,1732.9720635679505
2025-09-15 15:00:00+00:00,1732.9720635679505
2025-09-15 16:00:00+00:00,1732.9720635679505
2025-09-15 17:00:00+00:00,1732.9720635679505
2025-09-15 18:00:00+00:00,1732.9720635679505
2025-09-15 19:00:00+00:00,1732.9720635679505
2025-09-16 13:00:00+00:00,1732.9720635679505
2025-09-16 14:00:00+00:00,1732.9720635679505
2025-09-16 15:00:00+00:00,1732.9720635679505
2025-09-16 16:00:00+00:00,1732.9720635679505
2025-09-16 17:00:00+00:00,1732.9720635679505
2025-09-16 18:00:00+00:00,1732.9720635679505
2025-09-16 19:00:00+00:00,1732.9720635679505
2025-09-17 13:00:00+00:00,1732.9720635679505
2025-09-17 14:00:00+00:00,1732.9720635679505
2025-09-17 15:00:00+00:00,1732.9720635679505
2025-09-17 16:00:00+00:00,1732.9720635679505
2025-09-17 17:00:00+00:00,1732.9720635679505
2025-09-17 18:00:00+00:00,1732.9720635679505
2025-09-17 19:00:00+00:00,1732.9720635679505
2025-09-18 13:00:00+00:00,1732.9720635679505
2025-09-18 14:00:00+00:00,1732.9720635679505
2025-09-18 15:00:00+00:00,1732.9720635679505
2025-09-18 16:00:00+00:00,1732.9720635679505
2025-09-18 17:00:00+00:00,1732.9720635679505
2025-09-18 18:00:00+00:00,1732.9720635679505
2025-09-18 19:00:00+00:00,1732.9720635679505
2025-09-19 13:00:00+00:00,1732.9720635679505
2025-09-19 14:00:00+00:00,1732.9720635679505
2025-09-19 15:00:00+00:00,1732.9720635679505
2025-09-19 16:00:00+00:00,1732.9720635679505
2025-09-19 17:00:00+00:00,1732.9720635679505
2025-09-19 18:00:00+00:00,1732.9720635679505
2025-09-19 19:00:00+00:00,1732.9720635679505
2025-09-22 13:00:00+00:00,1732.9720635679505
2025-09-22 14:00:00+00:00,1732.9720635679505
2025-09-22 15:00:00+00:00,1732.9720635679505
2025-09-22 16:00:00+00:00,1732.9720635679505
2025-09-22 17:00:00+00:00,1732.9720635679505
2025-09-22 18:00:00+00:00,1732.9720635679505
2025-09-22 19:00:00+00:00,1732.9720635679505
2025-09-23 13:00:00+00:00,1732.9720635679505
2025-09-23 14:00:00+00:00,1732.9720635679505
2025-09-23 15:00:00+00:00,1732.9720635679505
2025-09-23 16:00:00+00:00,1732.9720635679505
2025-09-23 17:00:00+00:00,1732.9720635679505
2025-09-23 18:00:00+00:00,1732.9720635679505
2025-09-23 19:00:00+00:00,1732.9720635679505
2025-09-24 13:00:00+00:00,1732.9720635679505
2025-09-24 14:00:00+00:00,1732.9720635679505
2025-09-24 15:00:00+00:00,1732.9720635679505
2025-09-24 16:00:00+00:00,1732.9720635679505
2025-09-24 17:00:00+00:00,1732.9720635679505
2025-09-24 18:00:00+00:00,1732.9720635679505
2025-09-24 19:00:00+00:00,1732.9720635679505
2025-09-25 13:00:00+00:00,1732.9720635679505
2025-09-25 14:00:00+00:00,1732.9720635679505
2025-09-25 15:00:00+00:00,1732.9720635679505
2025-09-25 16:00:00+00:00,1732.9720635679505
2025-09-25 17:00:00+00:00,1732.9720635679505
2025-09-25 18:00:00+00:00,1732.9720635679505
2025-09-25 19:00:00+00:00,1732.9720635679505
2025-09-26 13:00:00+00:00,1732.9720635679505
2025-09-26 14:00:00+00:00,1732.9720635679505
2025-09-26 15:00:00+00:00,1732.9720635679505
2025-09-26 16:00:00+00:00,1732.9720635679505
2025-09-26 17:00:00+00:00,1732.9720635679505
2025-09-26 18:00:00+00:00,1732.9720635679505
2025-09-26 19:00:00+00:00,1732.9720635679505
2025-09-29 13:00:00+00:00,1732.9720635679505
2025-09-29 14:00:00+00:00,1732.9720635679505
2025-09-29 15:00:00+00:00,1732.9720635679505
2025-09-29 16:00:00+00:00,1732.9720635679505
2025-09-29 17:00:00+00:00,1732.9720635679505
2025-09-29 18:00:00+00:00,1732.9720635679505
2025-09-29 19:00:00+00:00,1732.9720635679505
2025-09-30 13:00:00+00:00,1732.9720635679505
2025-09-30 14:00:00+00:00,1732.9720635679505
2025-09-30 15:00:00+00:00,1732.9720635679505
2025-09-30 16:00:00+00:00,1732.9720635679505
2025-09-30 17:00:00+00:00,1732.9720635679505
2025-09-30 18:00:00+00:00,1732.9720635679505
2025-09-30 19:00:00+00:00,1732.9720635679505
2025-10-01 13:00:00+00:00,1732.9720635679505
2025-10-01 14:00:00+00:00,1732.9720635679505
2025-10-01 15:00:00+00:00,1732.9720635679505
2025-10-01 16:00:00+00:00,1732.9720635679505
2025-10-01 17:00:00+00:00,1732.9720635679505
2025-10-01 18:00:00+00:00,1732.9720635679505
2025-10-01 19:00:00+00:00,1732.9720635679505
2025-10-02 13:00:00+00:00,1732.9720635679505
2025-10-02 14:00:00+00:00,1732.9720635679505
2025-10-02 15:00:00+00:00,1732.9720635679505
2025-10-02 16:00:00+00:00,1732.9720635679505
2025-10-02 17:00:00+00:00,1732.9720635679505
2025-10-02 18:00:00+00:00,1732.9720635679505
2025-10-02 19:00:00+00:00,1732.9720635679505
2025-10-03 13:00:00+00:00,1732.9720635679505
2025-10-03 14:00:00+00:00,1732.9720635679505
2025-10-03 15:00:00+00:00,1732.9720635679505
2025-10-03 16:00:00+00:00,1732.9720635679505
2025-10-03 17:00:00+00:00,1732.9720635679505
2025-10-03 18:00:00+00:00,1732.9720635679505
2025-10-03 19:00:00+00:00,1732.9720635679505
2025-10-06 13:00:00+00:00,1732.9720635679505
2025-10-06 14:00:00+00:00,1732.9720635679505
2025-10-06 15:00:00+00:00,1732.9720635679505
2025-10-06 16:00:00+00:00,1732.9720635679505
2025-10-06 17:00:00+00:00,1732.9720635679505
2025-10-06 18:00:00+00:00,1732.9720635679505
2025-10-06 19:00:00+00:00,1732.9720635679505
2025-10-07 13:00:00+00:00,1732.9720635679505
2025-10-07 14:00:00+00:00,1732.9720635679505
2025-10-07 15:00:00+00:00,1732.9720635679505
2025-10-07 16:00:00+00:00,1732.9720635679505
2025-10-07 17:00:00+00:00,1732.9720635679505
2025-10-07 18:00:00+00:00,1732.9720635679505
2025-10-07 19:00:00+00:00,1732.9720635679505
2025-10-08 13:00:00+00:00,1732.9720635679505
2025-10-08 14:00:00+00:00,1732.9720635679505
2025-10-08 15:00:00+00:00,1732.9720635679505
2025-10-08 16:00:00+00:00,1732.9720635679505
2025-10-08 17:00:00+00:00,1732.9720635679505
2025-10-08 18:00:00+00:00,1732.9720635679505
2025-10-08 19:00:00+00:00,1732.9720635679505
2025-10-09 13:00:00+00:00,1732.9720635679505
2025-10-09 15:00:00+00:00,1732.9720635679505
2025-10-09 16:00:00+00:00,1732.9720635679505
2025-10-09 17:00:00+00:00,1732.9720635679505
2025-10-09 18:00:00+00:00,1732.9720635679505
2025-10-09 19:00:00+00:00,1732.9720635679505
2025-10-10 13:00:00+00:00,1732.9720635679505
2025-10-10 14:00:00+00:00,1732.9720635679505
2025-10-10 15:00:00+00:00,1732.9720635679505
2025-10-10 16:00:00+00:00,1732.9720635679505
2025-10-10 17:00:00+00:00,1732.9720635679505
2025-10-10 18:00:00+00:00,1732.9720635679505
2025-10-10 19:00:00+00:00,1732.9720635679505
2025-10-13 13:00:00+00:00,1732.9720635679505
2025-10-13 14:00:00+00:00,1732.9720635679505
2025-10-13 15:00:00+00:00,1732.9720635679505
2025-10-13 16:00:00+00:00,1732.9720635679505
2025-10-13 17:00:00+00:00,1732.9720635679505
2025-10-13 18:00:00+00:00,1732.9720635679505
2025-10-13 19:00:00+00:00,1732.9720635679505
2025-10-14 13:00:00+00:00,1732.9720635679505
2025-10-14 14:00:00+00:00,1732.9720635679505
2025-10-14 15:00:00+00:00,1732.9720635679505
2025-10-14 16:00:00+00:00,1732.9720635679505
2025-10-14 17:00:00+00:00,1732.9720635679505
2025-10-14 18:00:00+00:00,1732.9720635679505
2025-10-14 19:00:00+00:00,1732.9720635679505
2025-10-15 13:00:00+00:00,1732.9720635679505
2025-10-15 14:00:00+00:00,1732.9720635679505
2025-10-15 15:00:00+00:00,1732.9720635679505
2025-10-15 16:00:00+00:00,1732.9720635679505
2025-10-15 17:00:00+00:00,1732.9720635679505
2025-10-15 18:00:00+00:00,1732.9720635679505
2025-10-15 19:00:00+00:00,1732.9720635679505
2025-10-16 13:00:00+00:00,1732.9720635679505
2025-10-16 14:00:00+00:00,1732.9720635679505
2025-10-16 15:00:00+00:00,1732.9720635679505
2025-10-16 16:00:00+00:00,1732.9720635679505
2025-10-16 17:00:00+00:00,1732.9720635679505
2025-10-16 18:00:00+00:00,1732.9720635679505
2025-10-16 19:00:00+00:00,1732.9720635679505
2025-10-17 13:00:00+00:00,1732.9720635679505
2025-10-17 14:00:00+00:00,1732.9720635679505
2025-10-17 15:00:00+00:00,1732.9720635679505
2025-10-17 16:00:00+00:00,1732.9720635679505
2025-10-17 17:00:00+00:00,1732.9720635679505
2025-10-17 18:00:00+00:00,1732.9720635679505
2025-10-17 19:00:00+00:00,1732.9720635679505
2025-10-20 13:00:00+00:00,1732.9720635679505
2025-10-20 14:00:00+00:00,1732.9720635679505
2025-10-20 15:00:00+00:00,1732.9720635679505
2025-10-20 16:00:00+00:00,1732.9720635679505
2025-10-20 17:00:00+00:00,1732.9720635679505
2025-10-20 18:00:00+00:00,1732.9720635679505
2025-10-20 19:00:00+00:00,1732.9720635679505
2025-10-21 13:00:00+00:00,1732.9720635679505
2025-10-21 14:00:00+00:00,1732.9720635679505
2025-10-21 15:00:00+00:00,1732.9720635679505
2025-10-21 16:00:00+00:00,1732.9720635679505
2025-10-21 17:00:00+00:00,1732.9720635679505
2025-10-21 18:00:00+00:00,1732.9720635679505
2025-10-21 19:00:00+00:00,1732.9720635679505
2025-10-22 13:00:00+00:00,1732.9720635679505
2025-10-22 14:00:00+00:00,1732.9720635679505
2025-10-22 15:00:00+00:00,1732.9720635679505
2025-10-22 16:00:00+00:00,1732.9720635679505
2025-10-22 17:00:00+00:00,1732.9720635679505
2025-10-22 18:00:00+00:00,1732.9720635679505
2025-10-22 19:00:00+00:00,1732.9720635679505
